NULL,X360-0002,2,NULL,2,NULL,NULL,NULL,images/X360-0002.jpg,  Afro Samurai,NULL,NULL,NULL,NULL
NULL,X360-0009,2,NULL,2,NULL,NULL,NULL,images/X360-0009.jpg,Assassin's Creed,NULL,NULL,NULL,NULL
NULL,X360-0010,2,NULL,2,NULL,NULL,NULL,images/X360-0010.jpg,Assassin's Creed 2,NULL,NULL,NULL,NULL
NULL,X360-0011,2,NULL,2,NULL,NULL,NULL,images/X360-0011.jpg,Avatar,NULL,NULL,NULL,NULL
NULL,X360-0014,2,NULL,2,NULL,NULL,NULL,images/X360-0014.jpg,Batman Arkham Asylum,NULL,NULL,NULL,NULL
NULL,X360-0015,2,NULL,2,NULL,NULL,NULL,images/X360-0015.jpg,Batman Arkham AsylumYear Edition,NULL,NULL,NULL,NULL
NULL,X360-0019,2,NULL,2,NULL,NULL,NULL,images/X360-0019.jpg,Bionic Commando,NULL,NULL,NULL,NULL
NULL,X360-0026,2,NULL,2,NULL,NULL,NULL,images/X360-0026.jpg,Brutal Legend,NULL,NULL,NULL,NULL
NULL,X360-0035,2,NULL,2,NULL,NULL,NULL,images/X360-0035.jpg,Crackdown,NULL,NULL,NULL,NULL
NULL,X360-0037,2,NULL,2,NULL,NULL,NULL,images/X360-0037.jpg,Dante's Inferno,NULL,NULL,NULL,NULL
NULL,X360-0040,2,NULL,2,NULL,NULL,NULL,images/X360-0040.jpg,Dark Siders,NULL,NULL,NULL,NULL
NULL,X360-0045,2,NULL,2,NULL,NULL,NULL,images/X360-0045.jpg,Devil May Cry 4,NULL,NULL,NULL,NULL
NULL,X360-0052,2,NULL,2,NULL,NULL,NULL,images/X360-0052.jpg,Dynasty Warriors 6 Empires,NULL,NULL,NULL,NULL
NULL,X360-0053,2,NULL,2,NULL,NULL,NULL,images/X360-0053.jpg,Dynasty Warriors Strike Force,NULL,NULL,NULL,NULL
NULL,X360-0058,2,NULL,2,NULL,NULL,NULL,images/X360-0058.jpg,Fable 2,NULL,NULL,NULL,NULL
NULL,X360-0059,2,NULL,2,NULL,NULL,NULL,images/X360-0059.jpg,Fable 2 Game of the Year Edition,NULL,NULL,NULL,NULL
NULL,X360-0069,2,NULL,2,NULL,NULL,NULL,images/X360-0069.jpg,GI JOE The Rise of Cobra,NULL,NULL,NULL,NULL
NULL,X360-0075,2,NULL,2,NULL,NULL,NULL,images/X360-0075.jpg,Ghostbusters,NULL,NULL,NULL,NULL
NULL,X360-0076,2,NULL,2,NULL,NULL,NULL,images/X360-0076.jpg,Grand Theft Auto 4,NULL,NULL,NULL,NULL
NULL,X360-0077,2,NULL,2,NULL,NULL,NULL,images/X360-0077.jpg,Grand Theft Auto Episodes From Liberty City,NULL,NULL,NULL,NULL
NULL,X360-0088,2,NULL,2,NULL,NULL,NULL,images/X360-0088.jpg,Harry Potter Y el Misterio del Principe,NULL,NULL,NULL,NULL
NULL,X360-0093,2,NULL,2,NULL,NULL,NULL,images/X360-0093.jpeg,Iron Man 2,NULL,NULL,NULL,NULL
NULL,X360-0110,2,NULL,2,NULL,NULL,NULL,images/X360-0110.jpg,Ultimate Alliance 2,NULL,NULL,NULL,NULL
NULL,X360-0130,2,NULL,2,NULL,NULL,NULL,images/X360-0130.jpg,Nier,NULL,NULL,NULL,NULL
NULL,X360-0131,2,NULL,2,NULL,NULL,NULL,images/X360-0131.jpg,Ninja Blade,NULL,NULL,NULL,NULL
NULL,X360-0132,2,NULL,2,NULL,NULL,NULL,images/X360-0132.jpg,Ninja Gaiden 2,NULL,NULL,NULL,NULL
NULL,X360-0134,2,NULL,2,NULL,NULL,NULL,images/X360-0134.jpg,Overlord 2,NULL,NULL,NULL,NULL
NULL,X360-0136,2,NULL,2,NULL,NULL,NULL,images/X360-0136.jpg,Prision Break,NULL,NULL,NULL,NULL
NULL,X360-0140,2,NULL,2,NULL,NULL,NULL,images/X360-0140.jpg,Prototype,NULL,NULL,NULL,NULL
NULL,X360-0148,2,NULL,2,NULL,NULL,NULL,images/X360-0148.jpg,Red Faction Guerrilla,NULL,NULL,NULL,NULL
NULL,X360-0151,2,NULL,2,NULL,NULL,NULL,images/X360-0151.jpg,Rise of the Argonauts,NULL,NULL,NULL,NULL
NULL,X360-0158,2,NULL,2,NULL,NULL,NULL,images/X360-0158.jpg,Rogue Warrior,NULL,NULL,NULL,NULL
NULL,X360-0162,2,NULL,2,NULL,NULL,NULL,images/X360-0162.jpg,Shadow Complex,NULL,NULL,NULL,NULL
NULL,X360-0167,2,NULL,2,NULL,NULL,NULL,images/X360-0167.jpg,Sonic Ultimate Genesis Collection,NULL,NULL,NULL,NULL
NULL,X360-0169,2,NULL,2,NULL,NULL,NULL,images/X360-0169.jpg,Spiderman Web of Shadows,NULL,NULL,NULL,NULL
NULL,X360-0172,2,NULL,2,NULL,NULL,NULL,images/X360-0172.jpg,Star Wars The Clone Wars,NULL,NULL,NULL,NULL
NULL,X360-0173,2,NULL,2,NULL,NULL,NULL,images/X360-0173.jpg,Star Wars The Force Unleashed,NULL,NULL,NULL,NULL
NULL,X360-0180,2,NULL,2,NULL,NULL,NULL,images/X360-0180.jpg,Riddick,NULL,NULL,NULL,NULL
NULL,X360-0182,2,NULL,2,NULL,NULL,NULL,images/X360-0182.jpg,The Lord of the Rings Conquest,NULL,NULL,NULL,NULL
NULL,X360-0184,2,NULL,2,NULL,NULL,NULL,images/X360-0184.jpg,The Saboteur,NULL,NULL,NULL,NULL
NULL,X360-0186,2,NULL,2,NULL,NULL,NULL,images/X360-0186.jpg,Transformers Revenge of the Fallen,NULL,NULL,NULL,NULL
NULL,X360-0191,2,NULL,2,NULL,NULL,NULL,images/X360-0191.jpg,Velvet Assassin,NULL,NULL,NULL,NULL
NULL,X360-0195,2,NULL,2,NULL,NULL,NULL,images/X360-0195.jpg,Watchmen The End is Nigh,NULL,NULL,NULL,NULL
NULL,X360-0196,2,NULL,2,NULL,NULL,NULL,images/X360-0196.jpg,Way of the Samurai 3,NULL,NULL,NULL,NULL
NULL,X360-0197,2,NULL,2,NULL,NULL,NULL,images/X360-0197.jpg,Wet,NULL,NULL,NULL,NULL
NULL,X360-0199,2,NULL,2,NULL,NULL,NULL,images/X360-0199.jpg,Xmen Origins Wolverine,NULL,NULL,NULL,NULL
NULL,X360-0203,2,NULL,2,NULL,NULL,NULL,images/X360-0203.jpg,Red Dead Redemption,NULL,NULL,NULL,NULL
NULL,X360-0205,2,NULL,2,NULL,NULL,NULL,images/X360-0205.jpg,Morphx,NULL,NULL,NULL,NULL
NULL,X360-0210,2,NULL,2,NULL,NULL,NULL,images/X360-0210.jpg,Naval assault,NULL,NULL,NULL,NULL
NULL,X360-0212,2,NULL,2,NULL,NULL,NULL,images/X360-0212.jpg,Bayonetta,NULL,NULL,NULL,NULL
NULL,X360-0214,2,NULL,2,NULL,NULL,NULL,images/X360-0214.jpg,Naughty Bear,NULL,NULL,NULL,NULL
NULL,X360-0218,2,NULL,2,NULL,NULL,NULL,images/X360-0218.jpg,Prince of Persia Las Arenas Olvidadas,NULL,NULL,NULL,NULL
NULL,X360-0219,2,NULL,2,NULL,NULL,NULL,images/X360-0219.jpg,Ninety Nine Nights 2,NULL,NULL,NULL,NULL
NULL,X360-0229,2,NULL,2,NULL,NULL,NULL,images/X360-0229.jpg,Furia de Titanes,NULL,NULL,NULL,NULL
NULL,X360-0232,2,NULL,2,NULL,NULL,NULL,images/X360-0232.jpg,Mafia 2,NULL,NULL,NULL,NULL
NULL,X360-0233,2,NULL,2,NULL,NULL,NULL,images/X360-0233.jpg,Star Wars The Force Unleashed Sith Edition,NULL,NULL,NULL,NULL
NULL,X360-0236,2,NULL,2,NULL,NULL,NULL,images/X360-0236.jpg,Spiderman Shattered Dimensions,NULL,NULL,NULL,NULL
NULL,X360-0237,2,NULL,2,NULL,NULL,NULL,images/X360-0237.jpg,Spiderman Shattered Dimensions,NULL,NULL,NULL,NULL
NULL,X360-0242,2,NULL,2,NULL,NULL,NULL,images/X360-0242.jpg,Dead Rising 2,NULL,NULL,NULL,NULL
NULL,X360-0245,2,NULL,2,NULL,NULL,NULL,images/X360-0245.jpg,Enslaved,NULL,NULL,NULL,NULL
NULL,X360-0246,2,NULL,2,NULL,NULL,NULL,images/X360-0246.jpg,Castlevania Lords of Shadow,NULL,NULL,NULL,NULL
NULL,X360-0259,2,NULL,2,NULL,NULL,NULL,images/X360-0259.jpg,Star Wars The Force Unleashed  2,NULL,NULL,NULL,NULL
NULL,X360-0263,2,NULL,2,NULL,NULL,NULL,images/X360-0263.jpg,Fable 3,NULL,NULL,NULL,NULL
NULL,X360-0274,2,NULL,2,NULL,NULL,NULL,images/X360-0274.jpg,Fist of the North Star,NULL,NULL,NULL,NULL
NULL,X360-0275,2,NULL,2,NULL,NULL,NULL,images/X360-0275.jpg,Assassin's Creed La Hermandad,NULL,NULL,NULL,NULL
NULL,X360-0278,2,NULL,2,NULL,NULL,NULL,images/X360-0278.jpg,Splatter House,NULL,NULL,NULL,NULL
NULL,X360-0284,2,NULL,2,NULL,NULL,NULL,images/X360-0284.jpg,Red Dead Redemption Undead Nightmare,NULL,NULL,NULL,NULL
NULL,X360-0288,2,NULL,2,NULL,NULL,NULL,images/X360-0288.jpeg,Harry Potter Y las Reliquias de la Muerte 1,NULL,NULL,NULL,NULL
NULL,X360-0289,2,NULL,2,NULL,NULL,NULL,images/X360-0289.jpg,Majin an the Forsaken Kingdom,NULL,NULL,NULL,NULL
NULL,X360-0292,2,NULL,2,NULL,NULL,NULL,images/X360-0292.jpg,Tron,NULL,NULL,NULL,NULL
NULL,X360-0294,2,NULL,2,NULL,NULL,NULL,images/X360-0294.jpg,Dynasty Warriors 7,NULL,NULL,NULL,NULL
NULL,X360-0308,2,NULL,2,NULL,NULL,NULL,images/X360-0308.jpg,De Blob 2,NULL,NULL,NULL,NULL
NULL,X360-0309,2,NULL,2,NULL,NULL,NULL,images/X360-0309.jpg,Knights Contract,NULL,NULL,NULL,NULL
NULL,X360-0319,2,NULL,2,NULL,NULL,NULL,images/X360-0319.jpg,Thor ,NULL,NULL,NULL,NULL
NULL,X360-0321,2,NULL,2,NULL,NULL,NULL,images/X360-0321.jpg,The First Templar,NULL,NULL,NULL,NULL
NULL,X360-0322,2,NULL,2,NULL,NULL,NULL,images/X360-0322.jpg,Man vs Wild,NULL,NULL,NULL,NULL
NULL,X360-0326,2,NULL,2,NULL,NULL,NULL,images/X360-0326.jpg,L.A Noire,NULL,NULL,NULL,NULL
NULL,X360-0331,2,NULL,2,NULL,NULL,NULL,images/X360-0331.jpg,Hunted,NULL,NULL,NULL,NULL
NULL,X360-0335,2,NULL,2,NULL,NULL,NULL,images/X360-0335.jpg,Green Latern,NULL,NULL,NULL,NULL
NULL,X360-0336,2,NULL,2,NULL,NULL,NULL,images/X360-0336.jpg,Alice Madness Returns,NULL,NULL,NULL,NULL
NULL,X360-0339,2,NULL,2,NULL,NULL,NULL,images/X360-0339.jpg,Transformers Dark of the Moon,NULL,NULL,NULL,NULL
NULL,X360-0346,2,NULL,2,NULL,NULL,NULL,images/X360-0346.jpg,Dynasty Warriors Gundam 3,NULL,NULL,NULL,NULL
NULL,X360-0350,2,NULL,2,NULL,NULL,NULL,images/X360-0350.jpg,Harry Potter And the Deathly Hallows 2,NULL,NULL,NULL,NULL
NULL,X360-0352,2,NULL,2,NULL,NULL,NULL,images/X360-0352.jpg,Naughty Bear Gold Edition,NULL,NULL,NULL,NULL
NULL,X360-0354,2,NULL,2,NULL,NULL,NULL,images/X360-0354.jpg,Captain Ameria,NULL,NULL,NULL,NULL
NULL,X360-0356,2,NULL,2,NULL,NULL,NULL,images/X360-0356.jpg,Cat the Rine,NULL,NULL,NULL,NULL
NULL,X360-0367,2,NULL,2,NULL,NULL,NULL,images/X360-0367.jpg,Spiderman Edge of Time,NULL,NULL,NULL,NULL
NULL,X360-0377,2,NULL,2,NULL,NULL,NULL,images/X360-0377.jpg,The Legend of Spiro Dawn of the Dragon,NULL,NULL,NULL,NULL
NULL,X360-0380,2,NULL,2,NULL,NULL,NULL,images/X360-0380.jpg,Spiderman 3,NULL,NULL,NULL,NULL
NULL,X360-0381,2,NULL,2,NULL,NULL,NULL,images/X360-0381.jpg,Sonic Unleashed,NULL,NULL,NULL,NULL
NULL,X360-0382,2,NULL,2,NULL,NULL,NULL,images/X360-0382.jpg,Sonic The Hedgehog,NULL,NULL,NULL,NULL
NULL,X360-0386,2,NULL,2,NULL,NULL,NULL,images/X360-0386.jpg,Saints Row 2,NULL,NULL,NULL,NULL
NULL,X360-0388,2,NULL,2,NULL,NULL,NULL,images/X360-0388.jpg,Prince of Persia,NULL,NULL,NULL,NULL
NULL,X360-0411,2,NULL,2,NULL,NULL,NULL,images/X360-0411.jpg,Armored Core For Answer,NULL,NULL,NULL,NULL
NULL,X360-0412,2,NULL,2,NULL,NULL,NULL,images/X360-0412.jpg,Armored Core 4,NULL,NULL,NULL,NULL
NULL,X360-0416,2,NULL,2,NULL,NULL,NULL,images/X360-0416.jpg,Batman Arkham City,NULL,NULL,NULL,NULL
NULL,X360-0421,2,NULL,2,NULL,NULL,NULL,images/X360-0421.jpg,Assassin's  Creed Revelations,NULL,NULL,NULL,NULL
NULL,X360-0424,2,NULL,2,NULL,NULL,NULL,images/X360-0424.jpg,Asura's Virath,NULL,NULL,NULL,NULL
NULL,X360-0457,2,NULL,2,NULL,NULL,NULL,images/X360-0457.jpg,Jurassic Park,NULL,NULL,NULL,NULL
NULL,X360-0462,2,NULL,2,NULL,NULL,NULL,images/X360-0462.jpg,The Lord of the Rings War in the North,NULL,NULL,NULL,NULL
NULL,X360-0464,2,NULL,2,NULL,NULL,NULL,images/X360-0464.jpg,Metal Gear Solid Collection HD,NULL,NULL,NULL,NULL
NULL,X360-0471,2,NULL,2,NULL,NULL,NULL,images/X360-0471.jpg,NCIS,NULL,NULL,NULL,NULL
NULL,X360-0472,2,NULL,2,NULL,NULL,NULL,images/X360-0472.jpg,Never Dead,NULL,NULL,NULL,NULL
NULL,X360-0481,2,NULL,2,NULL,NULL,NULL,images/X360-0481.jpg,Saints Row The Third,NULL,NULL,NULL,NULL
NULL,X360-0485,2,NULL,2,NULL,NULL,NULL,images/X360-0485.jpg,Sonic Generations,NULL,NULL,NULL,NULL
NULL,X360-0489,2,NULL,2,NULL,NULL,NULL,images/X360-0489.jpg,The Cursed Crusade,NULL,NULL,NULL,NULL
NULL,X360-0490,2,NULL,2,NULL,NULL,NULL,images/X360-0490.jpg,The Adventures of Tintin The Secret of the Unicorn,NULL,NULL,NULL,NULL
NULL,X360-0498,2,NULL,2,NULL,NULL,NULL,images/X360-0498.jpg,Xmen Destiny,NULL,NULL,NULL,NULL
NULL,X360-0501,2,NULL,2,NULL,NULL,NULL,images/X360-0501.jpg,Armored Core 5,NULL,NULL,NULL,NULL
NULL,X360-0503,2,NULL,2,NULL,NULL,NULL,images/X360-0503.jpg,Blades of time,NULL,NULL,NULL,NULL
NULL,X360-0505,2,NULL,2,NULL,NULL,NULL,images/X360-0505.jpg,Capcom Digital Collection,NULL,NULL,NULL,NULL
NULL,X360-0507,2,NULL,2,NULL,NULL,NULL,images/X360-0507.jpg,Devil may Cry HD Collection,NULL,NULL,NULL,NULL
NULL,X360-0510,2,NULL,2,NULL,NULL,NULL,images/X360-0510.jpg,Ninja Gaiden 3,NULL,NULL,NULL,NULL
NULL,X360-0516,2,NULL,2,NULL,NULL,NULL,images/X360-0516.jpg,Warriors Orochi 3,NULL,NULL,NULL,NULL
NULL,X360-0520,2,NULL,2,NULL,NULL,NULL,images/X360-0520.jpg,Monkey Island Special Collection,NULL,NULL,NULL,NULL
NULL,X360-0530,2,NULL,2,NULL,NULL,NULL,images/X360-0530.jpg,Space Marine,NULL,NULL,NULL,NULL
NULL,X360-0534,2,NULL,2,NULL,NULL,NULL,images/X360-0534.jpg,Overlord,NULL,NULL,NULL,NULL
NULL,X360-0535,2,NULL,2,NULL,NULL,NULL,images/X360-0535.jpg,Bladestorm,NULL,NULL,NULL,NULL
NULL,X360-0538,2,NULL,2,NULL,NULL,NULL,images/X360-0538.jpg,Kameo,NULL,NULL,NULL,NULL
NULL,X360-0540,2,NULL,2,NULL,NULL,NULL,images/X360-0540.jpg,Destroy all Humans! Path of the Furon,NULL,NULL,NULL,NULL
NULL,X360-0546,2,NULL,2,NULL,NULL,NULL,images/X360-0546.jpg,Prototype 2,NULL,NULL,NULL,NULL
NULL,X360-0555,2,NULL,2,NULL,NULL,NULL,images/X360-0555.jpg,Red Dead Redemption Game of Year Edition,NULL,NULL,NULL,NULL
NULL,X360-0557,2,NULL,2,NULL,NULL,NULL,images/X360-0557.jpg,Lollipop Chain Saw,NULL,NULL,NULL,NULL
NULL,X360-0559,2,NULL,2,NULL,NULL,NULL,images/X360-0559.jpg,Batman Arkham City Game of Year Edition,NULL,NULL,NULL,NULL
NULL,X360-0564,2,NULL,2,NULL,NULL,NULL,images/X360-0564.jpg,The Amazing Spiderman,NULL,NULL,NULL,NULL
NULL,X360-0575,2,NULL,2,NULL,NULL,NULL,images/X360-0575.jpg,Bomberman,NULL,NULL,NULL,NULL
NULL,X360-0578,2,NULL,2,NULL,NULL,NULL,images/X360-0578.jpg,Anarchy Reigns,NULL,NULL,NULL,NULL
NULL,X360-0584,2,NULL,2,NULL,NULL,NULL,images/X360-0584.jpg,Sleeping Dogs,NULL,NULL,NULL,NULL
NULL,X360-0585,2,NULL,2,NULL,NULL,NULL,images/X360-0585.jpg,Dark Siders 2,NULL,NULL,NULL,NULL
NULL,X360-0598,2,NULL,2,NULL,NULL,NULL,images/X360-0598.jpg,The Testament of Sherlock Holmes,NULL,NULL,NULL,NULL
NULL,X360-0599,2,NULL,2,NULL,NULL,NULL,images/X360-0599.jpg,Outland From Dust Beyond Good Evil HD ,NULL,NULL,NULL,NULL
NULL,X360-0615,2,NULL,2,NULL,NULL,NULL,images/X360-0615.jpg,Assassin's Creed 3,NULL,NULL,NULL,NULL
NULL,X360-0621,2,NULL,2,NULL,NULL,NULL,images/X360-0621.jpg,Zone of the Enders HD Collection,NULL,NULL,NULL,NULL
NULL,X360-0631,2,NULL,2,NULL,NULL,NULL,images/X360-0631.jpg,Midway Arcade Origins,NULL,NULL,NULL,NULL
NULL,X360-0635,2,NULL,2,NULL,NULL,NULL,images/X360-0635.jpg,Fist of the North Star Ken's Rage 2,NULL,NULL,NULL,NULL
NULL,X360-0641,2,NULL,2,NULL,NULL,NULL,images/X360-0641.jpg,The Walking Dead,NULL,NULL,NULL,NULL
NULL,X360-0642,2,NULL,2,NULL,NULL,NULL,images/X360-0642.jpg,Devil May Cry ,NULL,NULL,NULL,NULL
NULL,X360-0644,2,NULL,2,NULL,NULL,NULL,images/X360-0644.jpg,Metal Gear Solid Rising,NULL,NULL,NULL,NULL
NULL,X360-0649,2,NULL,2,NULL,NULL,NULL,images/X360-0649.jpg,Tomb Raider,NULL,NULL,NULL,NULL
NULL,X360-0655,2,NULL,2,NULL,NULL,NULL,images/X360-0655.jpg,Ninja Gaiden 3 Razor's Edge,NULL,NULL,NULL,NULL
NULL,X360-0657,2,NULL,2,NULL,NULL,NULL,images/X360-0657.jpg,Star Trek,NULL,NULL,NULL,NULL
NULL,X360-0027,8,NULL,2,NULL,NULL,NULL,images/X360-0027.jpg,Burnout Paradise,NULL,NULL,NULL,NULL
NULL,X360-0046,8,NULL,2,NULL,NULL,NULL,images/X360-0046.jpg,Dirt,NULL,NULL,NULL,NULL
NULL,X360-0047,8,NULL,2,NULL,NULL,NULL,images/X360-0047.jpg,Dirt 2,NULL,NULL,NULL,NULL
NULL,X360-0067,8,NULL,2,NULL,NULL,NULL,images/X360-0067.jpg,Forza Motorsport 3,NULL,NULL,NULL,NULL
NULL,X360-0068,8,NULL,2,NULL,NULL,NULL,images/X360-0068.jpg,Fuel,NULL,NULL,NULL,NULL
NULL,X360-0078,8,NULL,2,NULL,NULL,NULL,images/X360-0078.jpg,Grid,NULL,NULL,NULL,NULL
NULL,X360-0114,8,NULL,2,NULL,NULL,NULL,images/X360-0114.jpg,Midnight Club,NULL,NULL,NULL,NULL
NULL,X360-0117,8,NULL,2,NULL,NULL,NULL,images/X360-0117.jpg,MotoGP 08,NULL,NULL,NULL,NULL
NULL,X360-0118,8,NULL,2,NULL,NULL,NULL,images/X360-0118.jpg,MotoGP 09/10,NULL,NULL,NULL,NULL
NULL,X360-0119,8,NULL,2,NULL,NULL,NULL,images/X360-0119.jpg,Reflex Mx vs ATV,NULL,NULL,NULL,NULL
NULL,X360-0124,8,NULL,2,NULL,NULL,NULL,images/X360-0124.jpg,Need for Speed Pro Street,NULL,NULL,NULL,NULL
NULL,X360-0125,8,NULL,2,NULL,NULL,NULL,images/X360-0125.jpg,Need for Speed Undercover,NULL,NULL,NULL,NULL
NULL,X360-0126,8,NULL,2,NULL,NULL,NULL,images/X360-0126.jpg,Need for Speed Shift,NULL,NULL,NULL,NULL
NULL,X360-0139,8,NULL,2,NULL,NULL,NULL,images/X360-0139.jpg,PGR 4 Project Gothan Racing,NULL,NULL,NULL,NULL
NULL,X360-0141,8,NULL,2,NULL,NULL,NULL,images/X360-0141.jpg,Pure,NULL,NULL,NULL,NULL
NULL,X360-0143,8,NULL,2,NULL,NULL,NULL,images/X360-0143.jpg,race Pro,NULL,NULL,NULL,NULL
NULL,X360-0160,8,NULL,2,NULL,NULL,NULL,images/X360-0160.jpg,S3K 09,NULL,NULL,NULL,NULL
NULL,X360-0166,8,NULL,2,NULL,NULL,NULL,images/X360-0166.jpg,Sonic Sega All Stars Racing,NULL,NULL,NULL,NULL
NULL,X360-0201,8,NULL,2,NULL,NULL,NULL,images/X360-0201.jpg,Split Second,NULL,NULL,NULL,NULL
NULL,X360-0202,8,NULL,2,NULL,NULL,NULL,images/X360-0202.jpg,Blur,NULL,NULL,NULL,NULL
NULL,X360-0243,8,NULL,2,NULL,NULL,NULL,images/X360-0243.jpg,F1 Formula 1 2010,NULL,NULL,NULL,NULL
NULL,X360-0269,8,NULL,2,NULL,NULL,NULL,images/X360-0269.jpg,Autobahn Polize!,NULL,NULL,NULL,NULL
NULL,X360-0272,8,NULL,2,NULL,NULL,NULL,images/X360-0272.jpg,Blood Drive,NULL,NULL,NULL,NULL
NULL,X360-0276,8,NULL,2,NULL,NULL,NULL,images/X360-0276.jpg,Need for Speed Hot Pursuit,NULL,NULL,NULL,NULL
NULL,X360-0283,8,NULL,2,NULL,NULL,NULL,images/X360-0283.jpg,Nail'd,NULL,NULL,NULL,NULL
NULL,X360-0297,8,NULL,2,NULL,NULL,NULL,images/X360-0297.jpg,Nascar 2011,NULL,NULL,NULL,NULL
NULL,X360-0298,8,NULL,2,NULL,NULL,NULL,images/X360-0298.jpg,Flatout Ultimate Carnage,NULL,NULL,NULL,NULL
NULL,X360-0299,8,NULL,2,NULL,NULL,NULL,images/X360-0299.jpg,Mx vs ATV Alive,NULL,NULL,NULL,NULL
NULL,X360-0306,8,NULL,2,NULL,NULL,NULL,images/X360-0306.jpg,MotoGP 10/11,NULL,NULL,NULL,NULL
NULL,X360-0311,8,NULL,2,NULL,NULL,NULL,images/X360-0311.jpeg,S3k X,NULL,NULL,NULL,NULL
NULL,X360-0313,8,NULL,2,NULL,NULL,NULL,images/X360-0313.jpg,Test Drive Unlimited 2,NULL,NULL,NULL,NULL
NULL,X360-0317,8,NULL,2,NULL,NULL,NULL,images/X360-0317.jpg,Need for Speed Shift 2,NULL,NULL,NULL,NULL
NULL,X360-0329,8,NULL,2,NULL,NULL,NULL,images/X360-0329.jpeg,Dirt 3,NULL,NULL,NULL,NULL
NULL,X360-0348,8,NULL,2,NULL,NULL,NULL,images/X360-0348.jpg,Le de Tour France 2012,NULL,NULL,NULL,NULL
NULL,X360-0368,8,NULL,2,NULL,NULL,NULL,images/X360-0368.jpg,F1 Formula 1 2011,NULL,NULL,NULL,NULL
NULL,X360-0418,8,NULL,2,NULL,NULL,NULL,images/X360-0418.jpg,WRC World Rally Championship 2,NULL,NULL,NULL,NULL
NULL,X360-0425,8,NULL,2,NULL,NULL,NULL,images/X360-0425.jpg,Ben 10 Galactic Racing,NULL,NULL,NULL,NULL
NULL,X360-0447,8,NULL,2,NULL,NULL,NULL,images/X360-0447.jpg,Forza Motorsport 4,NULL,NULL,NULL,NULL
NULL,X360-0468,8,NULL,2,NULL,NULL,NULL,images/X360-0468.jpg,Nascar Unleashed,NULL,NULL,NULL,NULL
NULL,X360-0473,8,NULL,2,NULL,NULL,NULL,images/X360-0473.jpg,Need for Speed The Run,NULL,NULL,NULL,NULL
NULL,X360-0513,8,NULL,2,NULL,NULL,NULL,images/X360-0513.jpg,Ridge Racer Unbounded,NULL,NULL,NULL,NULL
NULL,X360-0527,8,NULL,2,NULL,NULL,NULL,images/X360-0527.jpg,Dirt 3 Complete Edition,NULL,NULL,NULL,NULL
NULL,X360-0537,8,NULL,2,NULL,NULL,NULL,images/X360-0537.jpg,Burnout Revenge,NULL,NULL,NULL,NULL
NULL,X360-0545,8,NULL,2,NULL,NULL,NULL,images/X360-0545.jpg,MUD,NULL,NULL,NULL,NULL
NULL,X360-0549,8,NULL,2,NULL,NULL,NULL,images/X360-0549.jpg,Dirt Showdown,NULL,NULL,NULL,NULL
NULL,X360-0554,8,NULL,2,NULL,NULL,NULL,images/X360-0554.jpg,SBK Generations,NULL,NULL,NULL,NULL
NULL,X360-0570,8,NULL,2,NULL,NULL,NULL,images/X360-0570.jpg,Test Drive Ferrari Racing Legends,NULL,NULL,NULL,NULL
NULL,X360-0590,8,NULL,2,NULL,NULL,NULL,images/X360-0590.jpg,F1 2012 Formula 1,NULL,NULL,NULL,NULL
NULL,X360-0607,8,NULL,2,NULL,NULL,NULL,images/X360-0607.jpg,Forza Motors Horizon,NULL,NULL,NULL,NULL
NULL,X360-0616,8,NULL,2,NULL,NULL,NULL,images/X360-0616.jpg,Need for Speed Most Wanted,NULL,NULL,NULL,NULL
NULL,X360-0624,8,NULL,2,NULL,NULL,NULL,images/X360-0624.jpg,Nascar Inside Line,NULL,NULL,NULL,NULL
NULL,X360-0632,8,NULL,2,NULL,NULL,NULL,images/X360-0632.jpg,F1 Race Stars,NULL,NULL,NULL,NULL
NULL,X360-0006,3,NULL,2,NULL,NULL,NULL,images/X360-0006.jpg,Amped 3,NULL,NULL,NULL,NULL
NULL,X360-0022,3,NULL,2,NULL,NULL,NULL,images/X360-0022.jpg,Blitz 2,NULL,NULL,NULL,NULL
NULL,X360-0028,3,NULL,2,NULL,NULL,NULL,images/X360-0028.jpg,Cabela's Big Game Hunter 2010,NULL,NULL,NULL,NULL
NULL,X360-0063,3,NULL,2,NULL,NULL,NULL,images/X360-0063.jpg,FIFA Soccer 09,NULL,NULL,NULL,NULL
NULL,X360-0064,3,NULL,2,NULL,NULL,NULL,images/X360-0064.jpg,Copa Mundial de la FIFA Sudáfrica 2010,NULL,NULL,NULL,NULL
NULL,X360-0109,3,NULL,2,NULL,NULL,NULL,images/X360-0109.jpg,Baseball 2K10,NULL,NULL,NULL,NULL
NULL,X360-0121,3,NULL,2,NULL,NULL,NULL,images/X360-0121.jpg,NBA 2K10,NULL,NULL,NULL,NULL
NULL,X360-0122,3,NULL,2,NULL,NULL,NULL,images/X360-0122.jpg,NBA Live 09,NULL,NULL,NULL,NULL
NULL,X360-0123,3,NULL,2,NULL,NULL,NULL,images/X360-0123.jpg,NCAA Football 10,NULL,NULL,NULL,NULL
NULL,X360-0127,3,NULL,2,NULL,NULL,NULL,images/X360-0127.jpg,Madden NFL 10,NULL,NULL,NULL,NULL
NULL,X360-0128,3,NULL,2,NULL,NULL,NULL,images/X360-0128.jpg,NHL 09,NULL,NULL,NULL,NULL
NULL,X360-0129,3,NULL,2,NULL,NULL,NULL,images/X360-0129.jpg,NHL 2K10,NULL,NULL,NULL,NULL
NULL,X360-0133,3,NULL,2,NULL,NULL,NULL,images/X360-0133.jpg,Paintball NPPL 2009,NULL,NULL,NULL,NULL
NULL,X360-0137,3,NULL,2,NULL,NULL,NULL,images/X360-0137.jpg,PES Pro Evolution Soccer 2010,NULL,NULL,NULL,NULL
NULL,X360-0138,3,NULL,2,NULL,NULL,NULL,images/X360-0138.jpg,PES Pro Evolution Soccer 2009,NULL,NULL,NULL,NULL
NULL,X360-0164,3,NULL,2,NULL,NULL,NULL,images/X360-0164.jpg,Skate,NULL,NULL,NULL,NULL
NULL,X360-0165,3,NULL,2,NULL,NULL,NULL,images/X360-0165.jpg,Skate 2,NULL,NULL,NULL,NULL
NULL,X360-0174,3,NULL,2,NULL,NULL,NULL,images/X360-0174.jpg,Big Air Edition Stoked,NULL,NULL,NULL,NULL
NULL,X360-0179,3,NULL,2,NULL,NULL,NULL,images/X360-0179.jpg,The Bigs 2 Baseball,NULL,NULL,NULL,NULL
NULL,X360-0185,3,NULL,2,NULL,NULL,NULL,images/X360-0185.jpg,Tiger Woods PGA Tour 10,NULL,NULL,NULL,NULL
NULL,X360-0193,3,NULL,2,NULL,NULL,NULL,images/X360-0193.jpg,Virtua Tennis 2009,NULL,NULL,NULL,NULL
NULL,X360-0204,3,NULL,2,NULL,NULL,NULL,images/X360-0204.jpg,Pure Football,NULL,NULL,NULL,NULL
NULL,X360-0208,3,NULL,2,NULL,NULL,NULL,images/X360-0208.jpg,Backbreaker,NULL,NULL,NULL,NULL
NULL,X360-0217,3,NULL,2,NULL,NULL,NULL,images/X360-0217.jpg,Tiger Woods PGA Tour 11,NULL,NULL,NULL,NULL
NULL,X360-0226,3,NULL,2,NULL,NULL,NULL,images/X360-0226.jpg,Madden NFL 11,NULL,NULL,NULL,NULL
NULL,X360-0227,3,NULL,2,NULL,NULL,NULL,images/X360-0227.jpg,Vancouver 2010,NULL,NULL,NULL,NULL
NULL,X360-0228,3,NULL,2,NULL,NULL,NULL,images/X360-0228.jpg,Winter Sports 2,NULL,NULL,NULL,NULL
NULL,X360-0240,3,NULL,2,NULL,NULL,NULL,images/X360-0240.jpg,NHL 11,NULL,NULL,NULL,NULL
NULL,X360-0241,3,NULL,2,NULL,NULL,NULL,images/X360-0241.jpg,NHL 11,NULL,NULL,NULL,NULL
NULL,X360-0251,3,NULL,2,NULL,NULL,NULL,images/X360-0251.jpg,FIFA 11,NULL,NULL,NULL,NULL
NULL,X360-0256,3,NULL,2,NULL,NULL,NULL,images/X360-0256.jpg,PES Pro Evolution Soccer 2011,NULL,NULL,NULL,NULL
NULL,X360-0257,3,NULL,2,NULL,NULL,NULL,images/X360-0257.jpg,Shaun White Skateboarding,NULL,NULL,NULL,NULL
NULL,X360-0258,3,NULL,2,NULL,NULL,NULL,images/X360-0258.jpg,Tony Hawk Shred Big Air!,NULL,NULL,NULL,NULL
NULL,X360-0267,3,NULL,2,NULL,NULL,NULL,images/X360-0267.jpg,NBA 2K11,NULL,NULL,NULL,NULL
NULL,X360-0270,3,NULL,2,NULL,NULL,NULL,images/X360-0270.jpg,NCAA Football 11,NULL,NULL,NULL,NULL
NULL,X360-0290,3,NULL,2,NULL,NULL,NULL,images/X360-0290.jpg,NBA Jam,NULL,NULL,NULL,NULL
NULL,X360-0295,3,NULL,2,NULL,NULL,NULL,images/X360-0295.jpg,Top Spin 4,NULL,NULL,NULL,NULL
NULL,X360-0296,3,NULL,2,NULL,NULL,NULL,images/X360-0296.jpg,Virtua Tennis 4,NULL,NULL,NULL,NULL
NULL,X360-0330,3,NULL,2,NULL,NULL,NULL,images/X360-0330.jpg,Darts Pro Tour,NULL,NULL,NULL,NULL
NULL,X360-0353,3,NULL,2,NULL,NULL,NULL,images/X360-0353.jpg,NCAA Football 12,NULL,NULL,NULL,NULL
NULL,X360-0359,3,NULL,2,NULL,NULL,NULL,images/X360-0359.jpg,Rugby World Cup 2011,NULL,NULL,NULL,NULL
NULL,X360-0362,3,NULL,2,NULL,NULL,NULL,images/X360-0362.jpg,NHL 12,NULL,NULL,NULL,NULL
NULL,X360-0365,3,NULL,2,NULL,NULL,NULL,images/X360-0365.jpg,FIFA 12,NULL,NULL,NULL,NULL
NULL,X360-0366,3,NULL,2,NULL,NULL,NULL,images/X360-0366.jpg,PES Pro Evolution Soccer 2012,NULL,NULL,NULL,NULL
NULL,X360-0373,3,NULL,2,NULL,NULL,NULL,images/X360-0373.jpg,Virtua Tennis 3,NULL,NULL,NULL,NULL
NULL,X360-0374,3,NULL,2,NULL,NULL,NULL,images/X360-0374.jpg,Tony Hawk Ride,NULL,NULL,NULL,NULL
NULL,X360-0375,3,NULL,2,NULL,NULL,NULL,images/X360-0375.jpg,Masters Tiger Woods PGA Tour 12,NULL,NULL,NULL,NULL
NULL,X360-0383,3,NULL,2,NULL,NULL,NULL,images/X360-0383.jpg,Smash Court Tennis 3,NULL,NULL,NULL,NULL
NULL,X360-0385,3,NULL,2,NULL,NULL,NULL,images/X360-0385.jpg,Sega Super Stars Tennis,NULL,NULL,NULL,NULL
NULL,X360-0432,3,NULL,2,NULL,NULL,NULL,images/X360-0432.jpg,Cabela's Survival Shadows of Katmai,NULL,NULL,NULL,NULL
NULL,X360-0451,3,NULL,2,NULL,NULL,NULL,images/X360-0451.jpg,Grand Slam Tennis 2,NULL,NULL,NULL,NULL
NULL,X360-0470,3,NULL,2,NULL,NULL,NULL,images/X360-0470.jpg,NBA 2K12,NULL,NULL,NULL,NULL
NULL,X360-0504,3,NULL,2,NULL,NULL,NULL,images/X360-0504.jpg,Cabela's Big Game Hunter 2012,NULL,NULL,NULL,NULL
NULL,X360-0511,3,NULL,2,NULL,NULL,NULL,images/X360-0511.jpg,Tiger Woods PGA Tour 13,NULL,NULL,NULL,NULL
NULL,X360-0515,3,NULL,2,NULL,NULL,NULL,images/X360-0515.jpg,Summer Stars 2012,NULL,NULL,NULL,NULL
NULL,X360-0519,3,NULL,2,NULL,NULL,NULL,images/X360-0519.jpg,SSX,NULL,NULL,NULL,NULL
NULL,X360-0521,3,NULL,2,NULL,NULL,NULL,images/X360-0521.jpg,Baseball 2K12,NULL,NULL,NULL,NULL
NULL,X360-0529,3,NULL,2,NULL,NULL,NULL,images/X360-0529.jpg,FIFA Street,NULL,NULL,NULL,NULL
NULL,X360-0567,3,NULL,2,NULL,NULL,NULL,images/X360-0567.jpg,London,NULL,NULL,NULL,NULL
NULL,X360-0582,3,NULL,2,NULL,NULL,NULL,images/X360-0582.jpg,Blitz The League,NULL,NULL,NULL,NULL
NULL,X360-0583,3,NULL,2,NULL,NULL,NULL,images/X360-0583.jpg,Blood Bowl,NULL,NULL,NULL,NULL
NULL,X360-0588,3,NULL,2,NULL,NULL,NULL,images/X360-0588.jpg,FIFA 13,NULL,NULL,NULL,NULL
NULL,X360-0589,3,NULL,2,NULL,NULL,NULL,images/X360-0589.jpg,PES Pro Evolution Soccer 2013,NULL,NULL,NULL,NULL
NULL,X360-0595,3,NULL,2,NULL,NULL,NULL,images/X360-0595.jpg,Madden NFL 13,NULL,NULL,NULL,NULL
NULL,X360-0596,3,NULL,2,NULL,NULL,NULL,images/X360-0596.jpg,NHL 13,NULL,NULL,NULL,NULL
NULL,X360-0617,3,NULL,2,NULL,NULL,NULL,images/X360-0617.jpg,NBA 2K13,NULL,NULL,NULL,NULL
NULL,X360-0054,10,NULL,2,NULL,NULL,NULL,images/X360-0054.jpg,End War,NULL,NULL,NULL,NULL
NULL,X360-0147,10,NULL,2,NULL,NULL,NULL,images/X360-0147.jpg,Record of Agarest War,NULL,NULL,NULL,NULL
NULL,X360-0176,10,NULL,2,NULL,NULL,NULL,images/X360-0176.jpg,Supreme Commander 2,NULL,NULL,NULL,NULL
NULL,X360-0187,10,NULL,2,NULL,NULL,NULL,images/X360-0187.jpg,Tropico 3,NULL,NULL,NULL,NULL
NULL,X360-0240,10,NULL,2,NULL,NULL,NULL,images/X360-0240.jpg,Ruse,NULL,NULL,NULL,NULL
NULL,X360-0265,10,NULL,2,NULL,NULL,NULL,images/X360-0265.jpg,Los Sims 3,NULL,NULL,NULL,NULL
NULL,X360-0291,10,NULL,2,NULL,NULL,NULL,images/X360-0291.jpg,Los Sims 3,NULL,NULL,NULL,NULL
NULL,X360-0324,10,NULL,2,NULL,NULL,NULL,images/X360-0324.jpg,Battle vs Chess,NULL,NULL,NULL,NULL
NULL,X360-0483,10,NULL,2,NULL,NULL,NULL,images/X360-0483.jpg,The Sims 3 Pets,NULL,NULL,NULL,NULL
NULL,X360-0492,10,NULL,2,NULL,NULL,NULL,images/X360-0492.jpg,Tropico 4,NULL,NULL,NULL,NULL
NULL,X360-0544,10,NULL,2,NULL,NULL,NULL,images/X360-0544.jpg,Battleship,NULL,NULL,NULL,NULL
NULL,X360-0600,10,NULL,2,NULL,NULL,NULL,images/X360-0600.jpg,Xcom Enemy Unknown,NULL,NULL,NULL,NULL
NULL,X360-0633,10,NULL,2,NULL,NULL,NULL,images/X360-0633.jpg,Port Royale 3,NULL,NULL,NULL,NULL
NULL,X360-0640,10,NULL,2,NULL,NULL,NULL,images/X360-0640.jpg,Omerta City of Gangsters,NULL,NULL,NULL,NULL
NULL,X360-0659,10,NULL,2,NULL,NULL,NULL,images/X360-0659.jpg,Tropico 4 Gold Edition,NULL,NULL,NULL,NULL
NULL,X360-0012,11,NULL,2,NULL,NULL,NULL,images/X360-0012.jpg,Bakugan Battle Brawlers,NULL,NULL,NULL,NULL
NULL,X360-0013,11,NULL,2,NULL,NULL,NULL,images/X360-0013.jpg,Banjo Kazooie,NULL,NULL,NULL,NULL
NULL,X360-0025,11,NULL,2,NULL,NULL,NULL,images/X360-0025.jpg,Brave,NULL,NULL,NULL,NULL
NULL,X360-0033,11,NULL,2,NULL,NULL,NULL,images/X360-0033.jpeg,Como Entrenar a tu Dragon,NULL,NULL,NULL,NULL
NULL,X360-0072,11,NULL,2,NULL,NULL,NULL,images/X360-0072.jpg,Gforce,NULL,NULL,NULL,NULL
NULL,X360-0096,11,NULL,2,NULL,NULL,NULL,images/X360-0096.jpg,Ice  Age 3,NULL,NULL,NULL,NULL
NULL,X360-0097,11,NULL,2,NULL,NULL,NULL,images/X360-0097.jpeg,La Legenda de Spyro La Fuerza del Dragon,NULL,NULL,NULL,NULL
NULL,X360-0100,11,NULL,2,NULL,NULL,NULL,images/X360-0100.jpg,Batman Lego,NULL,NULL,NULL,NULL
NULL,X360-0101,11,NULL,2,NULL,NULL,NULL,images/X360-0101.jpg,Indiana Jones Lego,NULL,NULL,NULL,NULL
NULL,X360-0102,11,NULL,2,NULL,NULL,NULL,images/X360-0102.jpg,Indiana Jones 2 Lego,NULL,NULL,NULL,NULL
NULL,X360-0104,11,NULL,2,NULL,NULL,NULL,images/X360-0104.jpg,Cloudy Meat Balls,NULL,NULL,NULL,NULL
NULL,X360-0108,11,NULL,2,NULL,NULL,NULL,images/X360-0108.jpeg,Madagaskar 2,NULL,NULL,NULL,NULL
NULL,X360-0115,11,NULL,2,NULL,NULL,NULL,images/X360-0115.jpg,Mini Ninjas ,NULL,NULL,NULL,NULL
NULL,X360-0163,11,NULL,2,NULL,NULL,NULL,images/X360-0163.jpg,Shrek Forever After,NULL,NULL,NULL,NULL
NULL,X360-0189,11,NULL,2,NULL,NULL,NULL,images/X360-0189.jpg,Night at the Museum Battle of the Smithsonian,NULL,NULL,NULL,NULL
NULL,X360-0190,11,NULL,2,NULL,NULL,NULL,images/X360-0190.jpg,UP!,NULL,NULL,NULL,NULL
NULL,X360-0209,11,NULL,2,NULL,NULL,NULL,images/X360-0209.jpg,Toy Story 3,NULL,NULL,NULL,NULL
NULL,X360-0221,11,NULL,2,NULL,NULL,NULL,images/X360-0221.jpg,Harry Potter Lego,NULL,NULL,NULL,NULL
NULL,X360-0264,11,NULL,2,NULL,NULL,NULL,images/X360-0264.jpg,Ben 10 Ultimate Alien,NULL,NULL,NULL,NULL
NULL,X360-0281,11,NULL,2,NULL,NULL,NULL,images/X360-0281.jpg,MegaMind,NULL,NULL,NULL,NULL
NULL,X360-0282,11,NULL,2,NULL,NULL,NULL,images/X360-0282.jpg,Marvel Super Hero Squad,NULL,NULL,NULL,NULL
NULL,X360-0300,11,NULL,2,NULL,NULL,NULL,images/X360-0300.jpg,Rio,NULL,NULL,NULL,NULL
NULL,X360-0305,11,NULL,2,NULL,NULL,NULL,images/X360-0305.jpg,Star Wars 3,NULL,NULL,NULL,NULL
NULL,X360-0307,11,NULL,2,NULL,NULL,NULL,images/X360-0307.jpg,Rango,NULL,NULL,NULL,NULL
NULL,X360-0325,11,NULL,2,NULL,NULL,NULL,images/X360-0325.jpg,Pirates of the Caribbean Lego,NULL,NULL,NULL,NULL
NULL,X360-0328,11,NULL,2,NULL,NULL,NULL,images/X360-0328.jpg,Kung Fu Panda 2,NULL,NULL,NULL,NULL
NULL,X360-0340,11,NULL,2,NULL,NULL,NULL,images/X360-0340.jpg,Cars 2,NULL,NULL,NULL,NULL
NULL,X360-0372,11,NULL,2,NULL,NULL,NULL,images/X360-0372.jpg,Wall E,NULL,NULL,NULL,NULL
NULL,X360-0376,11,NULL,2,NULL,NULL,NULL,images/X360-0376.jpg,The Spiderwick Chronicles,NULL,NULL,NULL,NULL
NULL,X360-0378,11,NULL,2,NULL,NULL,NULL,images/X360-0378.jpg,The Golden Compass,NULL,NULL,NULL,NULL
NULL,X360-0379,11,NULL,2,NULL,NULL,NULL,images/X360-0379.jpg,Surf's Up,NULL,NULL,NULL,NULL
NULL,X360-0384,11,NULL,2,NULL,NULL,NULL,images/X360-0384.jpg,Shrek The Third,NULL,NULL,NULL,NULL
NULL,X360-0390,11,NULL,2,NULL,NULL,NULL,images/X360-0390.jpg,Planet 51,NULL,NULL,NULL,NULL
NULL,X360-0394,11,NULL,2,NULL,NULL,NULL,images/X360-0394.jpg,Monsters vs Aliens,NULL,NULL,NULL,NULL
NULL,X360-0397,11,NULL,2,NULL,NULL,NULL,images/X360-0397.jpg,Narnia Prince Caspian,NULL,NULL,NULL,NULL
NULL,X360-0398,11,NULL,2,NULL,NULL,NULL,images/X360-0398.jpg,Kung Fu Panda,NULL,NULL,NULL,NULL
NULL,X360-0402,11,NULL,2,NULL,NULL,NULL,images/X360-0402.jpg,Gahoole La Legenda de los Guardianes,NULL,NULL,NULL,NULL
NULL,X360-0404,11,NULL,2,NULL,NULL,NULL,images/X360-0404.jpg,Meet The Robinsons,NULL,NULL,NULL,NULL
NULL,X360-0407,11,NULL,2,NULL,NULL,NULL,images/X360-0407.jpg,Cars,NULL,NULL,NULL,NULL
NULL,X360-0409,11,NULL,2,NULL,NULL,NULL,images/X360-0409.jpg,Bolt,NULL,NULL,NULL,NULL
NULL,X360-0433,11,NULL,2,NULL,NULL,NULL,images/X360-0433.jpg,Push Time Explosion Xl ,NULL,NULL,NULL,NULL
NULL,X360-0440,11,NULL,2,NULL,NULL,NULL,images/X360-0440.jpg,Universe,NULL,NULL,NULL,NULL
NULL,X360-0448,11,NULL,2,NULL,NULL,NULL,images/X360-0448.jpg,Generator Rex ,NULL,NULL,NULL,NULL
NULL,X360-0454,11,NULL,2,NULL,NULL,NULL,images/X360-0454.jpg,Happy Feet 2,NULL,NULL,NULL,NULL
NULL,X360-0461,11,NULL,2,NULL,NULL,NULL,images/X360-0461.jpg,Harry Potter 5-7 Years Lego,NULL,NULL,NULL,NULL
NULL,X360-0463,11,NULL,2,NULL,NULL,NULL,images/X360-0463.jpg,Marvel Super Hero Squad Comic Combat,NULL,NULL,NULL,NULL
NULL,X360-0476,11,NULL,2,NULL,NULL,NULL,images/X360-0476.jpg,Puss in Boots,NULL,NULL,NULL,NULL
NULL,X360-0509,11,NULL,2,NULL,NULL,NULL,images/X360-0509.jpg,Star Wars Kinect,NULL,NULL,NULL,NULL
NULL,X360-0558,11,NULL,2,NULL,NULL,NULL,images/X360-0558.jpg,Madagascar 3,NULL,NULL,NULL,NULL
NULL,X360-0561,11,NULL,2,NULL,NULL,NULL,images/X360-0561.jpg,Brave ,NULL,NULL,NULL,NULL
NULL,X360-0563,11,NULL,2,NULL,NULL,NULL,images/X360-0563.jpg,Batman 2 Lego,NULL,NULL,NULL,NULL
NULL,X360-0569,11,NULL,2,NULL,NULL,NULL,images/X360-0569.jpg,Ice Age 4,NULL,NULL,NULL,NULL
NULL,X360-0572,11,NULL,2,NULL,NULL,NULL,images/X360-0572.jpg,Spongebob's Truth of Square,NULL,NULL,NULL,NULL
NULL,X360-0579,11,NULL,2,NULL,NULL,NULL,images/X360-0579.jpg,Avatar The Burning Earth,NULL,NULL,NULL,NULL
NULL,X360-0580,11,NULL,2,NULL,NULL,NULL,images/X360-0580.jpg,Ben 10 Alien Force Vilgax Attacks,NULL,NULL,NULL,NULL
NULL,X360-0608,11,NULL,2,NULL,NULL,NULL,images/X360-0608.jpg,Skylanders Giants,NULL,NULL,NULL,NULL
NULL,X360-0622,11,NULL,2,NULL,NULL,NULL,images/X360-0622.jpg,Epic Mickey 2,NULL,NULL,NULL,NULL
NULL,X360-0629,11,NULL,2,NULL,NULL,NULL,images/X360-0629.jpg,Ben 10 Omniverse,NULL,NULL,NULL,NULL
NULL,X360-0630,11,NULL,2,NULL,NULL,NULL,images/X360-0630.jpg,The Lord of the Rings Lego,NULL,NULL,NULL,NULL
NULL,X360-0333,20,NULL,2,NULL,NULL,NULL,images/X360-0333.jpg,Dance Central,NULL,NULL,NULL,NULL
NULL,X360-0338,20,NULL,2,NULL,NULL,NULL,images/X360-0338.jpg,Child of Eden,NULL,NULL,NULL,NULL
NULL,X360-0342,20,NULL,2,NULL,NULL,NULL,images/X360-0342.jpg,Wipeout In the Zone,NULL,NULL,NULL,NULL
NULL,X360-0345,20,NULL,2,NULL,NULL,NULL,images/X360-0345.jpg,Let's Dance,NULL,NULL,NULL,NULL
NULL,X360-0347,20,NULL,2,NULL,NULL,NULL,images/X360-0347.jpg,Game Party In Motion,NULL,NULL,NULL,NULL
NULL,X360-0349,20,NULL,2,NULL,NULL,NULL,images/X360-0349.jpg,UFC Trainer,NULL,NULL,NULL,NULL
NULL,X360-0361,20,NULL,2,NULL,NULL,NULL,images/X360-0361.jpeg,Los Pinguinos de Madagascar,NULL,NULL,NULL,NULL
NULL,X360-0364,20,NULL,2,NULL,NULL,NULL,images/X360-0364.jpg,Your Shape,NULL,NULL,NULL,NULL
NULL,X360-0415,20,NULL,2,NULL,NULL,NULL,images/X360-0415.jpg,Power Up Heroes,NULL,NULL,NULL,NULL
NULL,X360-0419,20,NULL,2,NULL,NULL,NULL,images/X360-0419.jpg,The Gunstringer,NULL,NULL,NULL,NULL
NULL,X360-0426,20,NULL,2,NULL,NULL,NULL,images/X360-0426.jpg,Big League Sports,NULL,NULL,NULL,NULL
NULL,X360-0428,20,NULL,2,NULL,NULL,NULL,images/X360-0428.jpg,The Black Eye Peas ,NULL,NULL,NULL,NULL
NULL,X360-0431,20,NULL,2,NULL,NULL,NULL,images/X360-0431.jpg,Cabela's Adventure Camp,NULL,NULL,NULL,NULL
NULL,X360-0435,20,NULL,2,NULL,NULL,NULL,images/X360-0435.jpg,Dance Central 2,NULL,NULL,NULL,NULL
NULL,X360-0439,20,NULL,2,NULL,NULL,NULL,images/X360-0439.jpg,Leela,NULL,NULL,NULL,NULL
NULL,X360-0441,20,NULL,2,NULL,NULL,NULL,images/X360-0441.jpg,Disneyland,NULL,NULL,NULL,NULL
NULL,X360-0452,20,NULL,2,NULL,NULL,NULL,images/X360-0452.jpg,Grease Dance,NULL,NULL,NULL,NULL
NULL,X360-0456,20,NULL,2,NULL,NULL,NULL,images/X360-0456.jpg,Jillian Michaels Fitness Adventure,NULL,NULL,NULL,NULL
NULL,X360-0458,20,NULL,2,NULL,NULL,NULL,images/X360-0458.jpg,Just Dance Kids 2,NULL,NULL,NULL,NULL
NULL,X360-0459,20,NULL,2,NULL,NULL,NULL,images/X360-0459.jpg,Just Dance 3,NULL,NULL,NULL,NULL
NULL,X360-0460,20,NULL,2,NULL,NULL,NULL,images/X360-0460.jpg,Sports 2,NULL,NULL,NULL,NULL
NULL,X360-0465,20,NULL,2,NULL,NULL,NULL,images/X360-0465.jpg,Minute to Win It,NULL,NULL,NULL,NULL
NULL,X360-0466,20,NULL,2,NULL,NULL,NULL,images/X360-0466.jpg,Motion Explosion!,NULL,NULL,NULL,NULL
NULL,X360-0467,20,NULL,2,NULL,NULL,NULL,images/X360-0467.jpg,Motion Sports Adrenaline,NULL,NULL,NULL,NULL
NULL,X360-0474,20,NULL,2,NULL,NULL,NULL,images/X360-0474.jpg,Nickelodeon Dance,NULL,NULL,NULL,NULL
NULL,X360-0479,20,NULL,2,NULL,NULL,NULL,images/X360-0479.jpg,Rise of Nightmares,NULL,NULL,NULL,NULL
NULL,X360-0482,20,NULL,2,NULL,NULL,NULL,images/X360-0482.jpg,Self Defense,NULL,NULL,NULL,NULL
NULL,X360-0487,20,NULL,2,NULL,NULL,NULL,images/X360-0487.jpg,Bob Esponja Surf and Skate,NULL,NULL,NULL,NULL
NULL,X360-0493,20,NULL,2,NULL,NULL,NULL,images/X360-0493.jpg,Twister Mania,NULL,NULL,NULL,NULL
NULL,X360-0496,20,NULL,2,NULL,NULL,NULL,images/X360-0496.jpg,Millionaire,NULL,NULL,NULL,NULL
NULL,X360-0499,20,NULL,2,NULL,NULL,NULL,images/X360-0499.jpg,Your Shape 2012,NULL,NULL,NULL,NULL
NULL,X360-0500,20,NULL,2,NULL,NULL,NULL,images/X360-0500.jpg,Rush,NULL,NULL,NULL,NULL
NULL,X360-0506,20,NULL,2,NULL,NULL,NULL,images/X360-0506.jpg,Country Dance,NULL,NULL,NULL,NULL
NULL,X360-0508,20,NULL,2,NULL,NULL,NULL,images/X360-0508.jpg,Rush Disney Pixar Adventure,NULL,NULL,NULL,NULL
NULL,X360-0518,20,NULL,2,NULL,NULL,NULL,images/X360-0518.jpg,Yoostar,NULL,NULL,NULL,NULL
NULL,X360-0531,20,NULL,2,NULL,NULL,NULL,images/X360-0531.jpg,Sports,NULL,NULL,NULL,NULL
NULL,X360-0532,20,NULL,2,NULL,NULL,NULL,images/X360-0532.jpg,Kinectimals,NULL,NULL,NULL,NULL
NULL,X360-0542,20,NULL,2,NULL,NULL,NULL,images/X360-0542.jpg,Kinectimals Now with Baars!,NULL,NULL,NULL,NULL
NULL,X360-0553,20,NULL,2,NULL,NULL,NULL,images/X360-0553.jpg,Michael Jackson,NULL,NULL,NULL,NULL
NULL,X360-0560,20,NULL,2,NULL,NULL,NULL,images/X360-0560.jpg,Steel Battalion,NULL,NULL,NULL,NULL
NULL,X360-0562,20,NULL,2,NULL,NULL,NULL,images/X360-0562.jpg,Just Dance Greatest Hits,NULL,NULL,NULL,NULL
NULL,X360-0565,20,NULL,2,NULL,NULL,NULL,images/X360-0565.jpg,Raving Rabbids Alive and Kicking,NULL,NULL,NULL,NULL
NULL,X360-0597,20,NULL,2,NULL,NULL,NULL,images/X360-0597.jpg,Mi Coach,NULL,NULL,NULL,NULL
NULL,X360-0601,20,NULL,2,NULL,NULL,NULL,images/X360-0601.jpg,Fable The Journey,NULL,NULL,NULL,NULL
NULL,X360-0604,20,NULL,2,NULL,NULL,NULL,images/X360-0604.jpg,Harry Potter Kinect,NULL,NULL,NULL,NULL
NULL,X360-0606,20,NULL,2,NULL,NULL,NULL,images/X360-0606.jpg,Just Dance 4,NULL,NULL,NULL,NULL
NULL,X360-0610,20,NULL,2,NULL,NULL,NULL,images/X360-0610.jpg,Dragon Ball Z Kinect,NULL,NULL,NULL,NULL
NULL,X360-0613,20,NULL,2,NULL,NULL,NULL,images/X360-0613.jpg,Just Dance Disney Party,NULL,NULL,NULL,NULL
NULL,X360-0614,20,NULL,2,NULL,NULL,NULL,images/X360-0614.jpg,Toy Story Mania!,NULL,NULL,NULL,NULL
NULL,X360-0618,20,NULL,2,NULL,NULL,NULL,images/X360-0618.jpg,Kinect Training,NULL,NULL,NULL,NULL
NULL,X360-0619,20,NULL,2,NULL,NULL,NULL,images/X360-0619.jpg,Dance Central 3,NULL,NULL,NULL,NULL
NULL,X360-0620,20,NULL,2,NULL,NULL,NULL,images/X360-0620.jpeg,Avengers Battle for Earth,NULL,NULL,NULL,NULL
NULL,X360-0634,20,NULL,2,NULL,NULL,NULL,images/X360-0634.jpg,The Hip Hop Dance ,NULL,NULL,NULL,NULL
NULL,X360-0647,20,NULL,2,NULL,NULL,NULL,images/X360-0647.jpg,Top Hand Rodeo Tour,NULL,NULL,NULL,NULL
NULL,X360-0079,12,NULL,2,NULL,NULL,NULL,images/X360-0079.jpg,Guitar Hero 2,NULL,NULL,NULL,NULL
NULL,X360-0080,12,NULL,2,NULL,NULL,NULL,images/X360-0080.jpg,Guitar Hero 3 Legends of Rock,NULL,NULL,NULL,NULL
NULL,X360-0081,12,NULL,2,NULL,NULL,NULL,images/X360-0081.jpg,Guitar Hero 5,NULL,NULL,NULL,NULL
NULL,X360-0082,12,NULL,2,NULL,NULL,NULL,images/X360-0082.jpg,Guitar Hero Aero Smith,NULL,NULL,NULL,NULL
NULL,X360-0083,12,NULL,2,NULL,NULL,NULL,images/X360-0083.jpg,Guitar Hero Van Halen,NULL,NULL,NULL,NULL
NULL,X360-0084,12,NULL,2,NULL,NULL,NULL,images/X360-0084.jpg,Guitar Hero World Tour,NULL,NULL,NULL,NULL
NULL,X360-0085,12,NULL,2,NULL,NULL,NULL,images/X360-0085.jpg,Guitar Hero Metallica,NULL,NULL,NULL,NULL
NULL,X360-0103,12,NULL,2,NULL,NULL,NULL,images/X360-0103.jpg,Lips,NULL,NULL,NULL,NULL
NULL,X360-0153,12,NULL,2,NULL,NULL,NULL,images/X360-0153.jpg,Rock Band,NULL,NULL,NULL,NULL
NULL,X360-0154,12,NULL,2,NULL,NULL,NULL,images/X360-0154.jpg,Rock Band 2,NULL,NULL,NULL,NULL
NULL,X360-0155,12,NULL,2,NULL,NULL,NULL,images/X360-0155.jpg,Rock Band Classic Rock,NULL,NULL,NULL,NULL
NULL,X360-0156,12,NULL,2,NULL,NULL,NULL,images/X360-0156.jpg,the Beatles Rock Band,NULL,NULL,NULL,NULL
NULL,X360-0157,12,NULL,2,NULL,NULL,NULL,images/X360-0157.jpg,Rock Revolution,NULL,NULL,NULL,NULL
NULL,X360-0207,12,NULL,2,NULL,NULL,NULL,images/X360-0207.jpg,Rock Band Green Day,NULL,NULL,NULL,NULL
NULL,X360-0225,12,NULL,2,NULL,NULL,NULL,images/X360-0225.jpg,Guitar Hero Greatest Hits,NULL,NULL,NULL,NULL
NULL,X360-0244,12,NULL,2,NULL,NULL,NULL,images/X360-0244.jpg,Guitar Hero Warriors of Rock,NULL,NULL,NULL,NULL
NULL,X360-0249,12,NULL,2,NULL,NULL,NULL,images/X360-0249.jpg,Rock Band 3,NULL,NULL,NULL,NULL
NULL,X360-0253,12,NULL,2,NULL,NULL,NULL,images/X360-0253.jpg,Def Jam Rap Star,NULL,NULL,NULL,NULL
NULL,X360-0255,12,NULL,2,NULL,NULL,NULL,images/X360-0255.jpg,Rock  Band 3,NULL,NULL,NULL,NULL
NULL,X360-0266,12,NULL,2,NULL,NULL,NULL,images/X360-0266.jpg,Rock of the Dead,NULL,NULL,NULL,NULL
NULL,X360-0279,12,NULL,2,NULL,NULL,NULL,images/X360-0279.jpg,DJ Hero 2,NULL,NULL,NULL,NULL
NULL,X360-0293,12,NULL,2,NULL,NULL,NULL,images/X360-0293.jpg,Rock of the Dead,NULL,NULL,NULL,NULL
NULL,X360-0389,12,NULL,2,NULL,NULL,NULL,images/X360-0389.jpg,Power GIG Rise of the SixString,NULL,NULL,NULL,NULL
NULL,X360-0396,12,NULL,2,NULL,NULL,NULL,images/X360-0396.jpg,Rock Band Lego,NULL,NULL,NULL,NULL
NULL,X360-0403,12,NULL,2,NULL,NULL,NULL,images/X360-0403.jpg,DJ Hero,NULL,NULL,NULL,NULL
NULL,X360-0410,12,NULL,2,NULL,NULL,NULL,images/X360-0410.jpg,Band Hero,NULL,NULL,NULL,NULL
NULL,X360-0449,12,NULL,2,NULL,NULL,NULL,images/X360-0449.jpg,glee Karaoke,NULL,NULL,NULL,NULL
NULL,X360-0480,12,NULL,2,NULL,NULL,NULL,images/X360-0480.jpg,Rock Smith,NULL,NULL,NULL,NULL
NULL,X360-0577,12,NULL,2,NULL,NULL,NULL,images/X360-0577.jpg,Everyone Sing,NULL,NULL,NULL,NULL
NULL,X360-0021,4,NULL,2,NULL,NULL,NULL,images/X360-0021.jpg,Blazblue,NULL,NULL,NULL,NULL
NULL,X360-0041,4,NULL,2,NULL,NULL,NULL,images/X360-0041.jpg,Dead or Alive 4,NULL,NULL,NULL,NULL
NULL,X360-0050,4,NULL,2,NULL,NULL,NULL,images/X360-0050.jpg,Dragon Ball Z Burstlimit,NULL,NULL,NULL,NULL
NULL,X360-0051,4,NULL,2,NULL,NULL,NULL,images/X360-0051.jpg,Dragon Ball Racing Blast,NULL,NULL,NULL,NULL
NULL,X360-0065,4,NULL,2,NULL,NULL,NULL,images/X360-0065.jpg,Fight Night Rount 4,NULL,NULL,NULL,NULL
NULL,X360-0116,4,NULL,2,NULL,NULL,NULL,images/X360-0116.jpg,Mortal Koombat vs Dc Universe,NULL,NULL,NULL,NULL
NULL,X360-0120,4,NULL,2,NULL,NULL,NULL,images/X360-0120.jpg,Naruto Rise of a Ninja,NULL,NULL,NULL,NULL
NULL,X360-0168,4,NULL,2,NULL,NULL,NULL,images/X360-0168.jpg,Soul Calibur 4,NULL,NULL,NULL,NULL
NULL,X360-0175,4,NULL,2,NULL,NULL,NULL,images/X360-0175.jpg,Street Fighter 4,NULL,NULL,NULL,NULL
NULL,X360-0177,4,NULL,2,NULL,NULL,NULL,images/X360-0177.jpg,Tekken 6,NULL,NULL,NULL,NULL
NULL,X360-0181,4,NULL,2,NULL,NULL,NULL,images/X360-0181.jpg,The King of Fighters 12,NULL,NULL,NULL,NULL
NULL,X360-0188,4,NULL,2,NULL,NULL,NULL,images/X360-0188.jpg,UFC Undisputed,NULL,NULL,NULL,NULL
NULL,X360-0192,4,NULL,2,NULL,NULL,NULL,images/X360-0192.jpg,Virtua Fighter 5,NULL,NULL,NULL,NULL
NULL,X360-0200,4,NULL,2,NULL,NULL,NULL,images/X360-0200.jpg,Super Street Fighter 4,NULL,NULL,NULL,NULL
NULL,X360-0213,4,NULL,2,NULL,NULL,NULL,images/X360-0213.jpg,UFC 2010,NULL,NULL,NULL,NULL
NULL,X360-0224,4,NULL,2,NULL,NULL,NULL,images/X360-0224.jpg,Samurai Shodown Sen,NULL,NULL,NULL,NULL
NULL,X360-0230,4,NULL,2,NULL,NULL,NULL,images/X360-0230.jpg,Blazblue Continuum Shift,NULL,NULL,NULL,NULL
NULL,X360-0248,4,NULL,2,NULL,NULL,NULL,images/X360-0248.jpg,Lucha Libre Heroes del Ring,NULL,NULL,NULL,NULL
NULL,X360-0255,4,NULL,2,NULL,NULL,NULL,images/X360-0255.jpg,Smack Down vs Raw 2011,NULL,NULL,NULL,NULL
NULL,X360-0260,4,NULL,2,NULL,NULL,NULL,images/X360-0260.jpg,MMA,NULL,NULL,NULL,NULL
NULL,X360-0262,4,NULL,2,NULL,NULL,NULL,images/X360-0262.jpg,Naruto Shippuden Storm 2,NULL,NULL,NULL,NULL
NULL,X360-0271,4,NULL,2,NULL,NULL,NULL,images/X360-0271.jpg,Dragon Ball Racing Blast 2,NULL,NULL,NULL,NULL
NULL,X360-0302,4,NULL,2,NULL,NULL,NULL,images/X360-0302.jpg,Marvel vs Capcom 3,NULL,NULL,NULL,NULL
NULL,X360-0303,4,NULL,2,NULL,NULL,NULL,images/X360-0303.jpg,All Stars,NULL,NULL,NULL,NULL
NULL,X360-0316,4,NULL,2,NULL,NULL,NULL,images/X360-0316.jpg,Fight Night Champion,NULL,NULL,NULL,NULL
NULL,X360-0318,4,NULL,2,NULL,NULL,NULL,images/X360-0318.jpg,Mortal Kombat,NULL,NULL,NULL,NULL
NULL,X360-0344,4,NULL,2,NULL,NULL,NULL,images/X360-0344.jpg,Super Street Fighter 4 Arcade Edition,NULL,NULL,NULL,NULL
NULL,X360-0369,4,NULL,2,NULL,NULL,NULL,images/X360-0369.jpg,Def Jam Icon,NULL,NULL,NULL,NULL
NULL,X360-0414,4,NULL,2,NULL,NULL,NULL,images/X360-0414.jpg,Supremach MMA,NULL,NULL,NULL,NULL
NULL,X360-0430,4,NULL,2,NULL,NULL,NULL,images/X360-0430.jpg,Blazblue Extend,NULL,NULL,NULL,NULL
NULL,X360-0438,4,NULL,2,NULL,NULL,NULL,images/X360-0438.jpg,Dragon Ball Z Ultimate Tenkaichi,NULL,NULL,NULL,NULL
NULL,X360-0486,4,NULL,2,NULL,NULL,NULL,images/X360-0486.jpg,Soul Calibur 5,NULL,NULL,NULL,NULL
NULL,X360-0491,4,NULL,2,NULL,NULL,NULL,images/X360-0491.jpg,The King of Fighters 13,NULL,NULL,NULL,NULL
NULL,X360-0494,4,NULL,2,NULL,NULL,NULL,images/X360-0494.jpg,UFC 3,NULL,NULL,NULL,NULL
NULL,X360-0495,4,NULL,2,NULL,NULL,NULL,images/X360-0495.jpg,Ultimate Marvel vs Capcom 3,NULL,NULL,NULL,NULL
NULL,X360-0497,4,NULL,2,NULL,NULL,NULL,images/X360-0497.jpg,W 12,NULL,NULL,NULL,NULL
NULL,X360-0523,4,NULL,2,NULL,NULL,NULL,images/X360-0523.jpg,Street Fighter X Tekken,NULL,NULL,NULL,NULL
NULL,X360-0526,4,NULL,2,NULL,NULL,NULL,images/X360-0526.jpg,Naruto Shippuden Storm 2,NULL,NULL,NULL,NULL
NULL,X360-0528,4,NULL,2,NULL,NULL,NULL,images/X360-0528.jpg,Mortal Kombat Complete Edition,NULL,NULL,NULL,NULL
NULL,X360-0533,4,NULL,2,NULL,NULL,NULL,images/X360-0533.jpg,Fight Night Round 3,NULL,NULL,NULL,NULL
NULL,X360-0541,4,NULL,2,NULL,NULL,NULL,images/X360-0541.jpg,Dead liest Warrior ,NULL,NULL,NULL,NULL
NULL,X360-0592,4,NULL,2,NULL,NULL,NULL,images/X360-0592.jpg,Tekken Tag Tournament 2,NULL,NULL,NULL,NULL
NULL,X360-0594,4,NULL,2,NULL,NULL,NULL,images/X360-0594.jpg,Dead or Alive 5,NULL,NULL,NULL,NULL
NULL,X360-0623,4,NULL,2,NULL,NULL,NULL,images/X360-0623.jpg,W 13,NULL,NULL,NULL,NULL
NULL,X360-0628,4,NULL,2,NULL,NULL,NULL,images/X360-0628.jpg,Dragon Ball Z Budokai HD collection,NULL,NULL,NULL,NULL
NULL,X360-0650,4,NULL,2,NULL,NULL,NULL,images/X360-0650.jpg,Naruto Shippuden Storm 3,NULL,NULL,NULL,NULL
NULL,X360-0653,4,NULL,2,NULL,NULL,NULL,images/X360-0653.jpg,Injustice,NULL,NULL,NULL,NULL
NULL,X360-0142,13,NULL,2,NULL,NULL,NULL,images/X360-0142.jpg,Qubed,NULL,NULL,NULL,NULL
NULL,X360-0301,13,NULL,2,NULL,NULL,NULL,images/X360-0301.jpg,Portal 2,NULL,NULL,NULL,NULL
NULL,X360-0310,13,NULL,2,NULL,NULL,NULL,images/X360-0310.jpg,You Don't Know Jack,NULL,NULL,NULL,NULL
NULL,X360-0357,13,NULL,2,NULL,NULL,NULL,images/X360-0357.jpg,Triple Pack Trials HD Limbo Splosion Man,NULL,NULL,NULL,NULL
NULL,X360-0405,13,NULL,2,NULL,NULL,NULL,images/X360-0405.jpg,Create,NULL,NULL,NULL,NULL
NULL,X360-0444,13,NULL,2,NULL,NULL,NULL,images/X360-0444.jpg,Family Feud,NULL,NULL,NULL,NULL
NULL,X360-0445,13,NULL,2,NULL,NULL,NULL,images/X360-0445.jpg,Family Game Night 4,NULL,NULL,NULL,NULL
NULL,X360-0469,13,NULL,2,NULL,NULL,NULL,images/X360-0469.jpg,Challenge!,NULL,NULL,NULL,NULL
NULL,X360-0612,13,NULL,2,NULL,NULL,NULL,images/X360-0612.jpg,Wheel of Fortune,NULL,NULL,NULL,NULL
NULL,X360-0023,9,NULL,2,NULL,NULL,NULL,images/X360-0023.jpg,Borderlands,NULL,NULL,NULL,NULL
NULL,X360-0024,9,NULL,2,NULL,NULL,NULL,images/X360-0024.jpg,Borderlands Bouble Game Add on Pack,NULL,NULL,NULL,NULL
NULL,X360-0048,9,NULL,2,NULL,NULL,NULL,images/X360-0048.jpg,Dragon Age Origins,NULL,NULL,NULL,NULL
NULL,X360-0049,9,NULL,2,NULL,NULL,NULL,images/X360-0049.jpg,Dragon Age Origins Awakenind,NULL,NULL,NULL,NULL
NULL,X360-0056,9,NULL,2,NULL,NULL,NULL,images/X360-0056.jpg,Eternal Sonata,NULL,NULL,NULL,NULL
NULL,X360-0060,9,NULL,2,NULL,NULL,NULL,images/X360-0060.jpg,Fallout 3,NULL,NULL,NULL,NULL
NULL,X360-0061,9,NULL,2,NULL,NULL,NULL,images/X360-0061.jpg,Fallout 3 Game add on Pack,NULL,NULL,NULL,NULL
NULL,X360-0062,9,NULL,2,NULL,NULL,NULL,images/X360-0062.jpg,Fallout 3 Downloadable Content,NULL,NULL,NULL,NULL
NULL,X360-0066,9,NULL,2,NULL,NULL,NULL,images/X360-0066.jpg,Final Fantasy 13,NULL,NULL,NULL,NULL
NULL,X360-0105,9,NULL,2,NULL,NULL,NULL,images/X360-0105.jpg,Lost Odissey,NULL,NULL,NULL,NULL
NULL,X360-0111,9,NULL,2,NULL,NULL,NULL,images/X360-0111.jpg,Mass Effect,NULL,NULL,NULL,NULL
NULL,X360-0112,9,NULL,2,NULL,NULL,NULL,images/X360-0112.jpg,Mass Effect 2,NULL,NULL,NULL,NULL
NULL,X360-0150,9,NULL,2,NULL,NULL,NULL,images/X360-0150.jpg,Resonance of Fate,NULL,NULL,NULL,NULL
NULL,X360-0152,9,NULL,2,NULL,NULL,NULL,images/X360-0152.jpg,Risen,NULL,NULL,NULL,NULL
NULL,X360-0159,9,NULL,2,NULL,NULL,NULL,images/X360-0159.jpg,Fallen Angel Sacred 2,NULL,NULL,NULL,NULL
NULL,X360-0206,9,NULL,2,NULL,NULL,NULL,images/X360-0206.jpg,Alpha Protocol The Espionage RPG,NULL,NULL,NULL,NULL
NULL,X360-0247,9,NULL,2,NULL,NULL,NULL,images/X360-0247.jpg,Arcania Gothic 4,NULL,NULL,NULL,NULL
NULL,X360-0280,9,NULL,2,NULL,NULL,NULL,images/X360-0280.jpg,Fallout New Vegas,NULL,NULL,NULL,NULL
NULL,X360-0285,9,NULL,2,NULL,NULL,NULL,images/X360-0285.jpg,Two Worlds 2,NULL,NULL,NULL,NULL
NULL,X360-0323,9,NULL,2,NULL,NULL,NULL,images/X360-0323.jpg,Dragon Age 2,NULL,NULL,NULL,NULL
NULL,X360-0337,9,NULL,2,NULL,NULL,NULL,images/X360-0337.jpg,Dungeon Siegue 3,NULL,NULL,NULL,NULL
NULL,X360-0395,9,NULL,2,NULL,NULL,NULL,images/X360-0395.jpg,Mas Effect,NULL,NULL,NULL,NULL
NULL,X360-0437,9,NULL,2,NULL,NULL,NULL,images/X360-0437.jpg,Dark Souls,NULL,NULL,NULL,NULL
NULL,X360-0443,9,NULL,2,NULL,NULL,NULL,images/X360-0443.jpg,Fallout New Vegas Ultimate Edition,NULL,NULL,NULL,NULL
NULL,X360-0446,9,NULL,2,NULL,NULL,NULL,images/X360-0446.jpg,Final Fantasy 13-2,NULL,NULL,NULL,NULL
NULL,X360-0478,9,NULL,2,NULL,NULL,NULL,images/X360-0478.jpg,Kingdoms of Amalur Reckoning,NULL,NULL,NULL,NULL
NULL,X360-0484,9,NULL,2,NULL,NULL,NULL,images/X360-0484.jpg,The Elder Scrolls 5 Skyrim,NULL,NULL,NULL,NULL
NULL,X360-0517,9,NULL,2,NULL,NULL,NULL,images/X360-0517.jpg,The Witcher 2 Assassins of Kings ,NULL,NULL,NULL,NULL
NULL,X360-0524,9,NULL,2,NULL,NULL,NULL,images/X360-0524.jpg,Mass Effect 3,NULL,NULL,NULL,NULL
NULL,X360-0552,9,NULL,2,NULL,NULL,NULL,images/X360-0552.jpg,Dragon's Dogma,NULL,NULL,NULL,NULL
NULL,X360-0576,9,NULL,2,NULL,NULL,NULL,images/X360-0576.jpg,Risen 2,NULL,NULL,NULL,NULL
NULL,X360-0591,9,NULL,2,NULL,NULL,NULL,images/X360-0591.jpg,Borderlands 2,NULL,NULL,NULL,NULL
NULL,X360-0658,9,NULL,2,NULL,NULL,NULL,images/X360-0658.jpg,Dragon's Dogma Dark Arisen,NULL,NULL,NULL,NULL
NULL,X360-0004,1,NULL,2,NULL,NULL,NULL,images/X360-0004.jpg,Aliens vs Predator,NULL,NULL,NULL,NULL
NULL,X360-0007,1,NULL,2,NULL,NULL,NULL,images/X360-0007.jpg,Army of Two ,NULL,NULL,NULL,NULL
NULL,X360-0008,1,NULL,2,NULL,NULL,NULL,images/X360-0008.jpg,Army of Two The 40th Day,NULL,NULL,NULL,NULL
NULL,X360-0016,1,NULL,2,NULL,NULL,NULL,images/X360-0016.jpg,Battlefield Bad Company,NULL,NULL,NULL,NULL
NULL,X360-0017,1,NULL,2,NULL,NULL,NULL,images/X360-0017.jpg,Battlefield Bad Company 2,NULL,NULL,NULL,NULL
NULL,X360-0020,1,NULL,2,NULL,NULL,NULL,images/X360-0020.jpg,Bioshock 2,NULL,NULL,NULL,NULL
NULL,X360-0029,1,NULL,2,NULL,NULL,NULL,images/X360-0029.jpg,Call of Duty 4 Modern Warfare,NULL,NULL,NULL,NULL
NULL,X360-0030,1,NULL,2,NULL,NULL,NULL,images/X360-0030.jpg,Call of Duty 4 Modern Warfare 2,NULL,NULL,NULL,NULL
NULL,X360-0031,1,NULL,2,NULL,NULL,NULL,images/X360-0031.jpg,Call of Duty World at War,NULL,NULL,NULL,NULL
NULL,X360-0032,1,NULL,2,NULL,NULL,NULL,images/X360-0032.jpg,Call of Juarez Cound in Blood,NULL,NULL,NULL,NULL
NULL,X360-0036,1,NULL,2,NULL,NULL,NULL,images/X360-0036.jpg,Damnation,NULL,NULL,NULL,NULL
NULL,X360-0038,1,NULL,2,NULL,NULL,NULL,images/X360-0038.jpg,Darkvoid,NULL,NULL,NULL,NULL
NULL,X360-0039,1,NULL,2,NULL,NULL,NULL,images/X360-0039.jpg,Darkest of Days,NULL,NULL,NULL,NULL
NULL,X360-0043,1,NULL,2,NULL,NULL,NULL,images/X360-0043.jpg,Dead to Rights Retribution,NULL,NULL,NULL,NULL
NULL,X360-0070,1,NULL,2,NULL,NULL,NULL,images/X360-0070.jpg,Gears of War 2,NULL,NULL,NULL,NULL
NULL,X360-0071,1,NULL,2,NULL,NULL,NULL,images/X360-0071.jpg,Gears of War,NULL,NULL,NULL,NULL
NULL,X360-0073,1,NULL,2,NULL,NULL,NULL,images/X360-0073.jpg,Ghost Recon Advanced Warfighter,NULL,NULL,NULL,NULL
NULL,X360-0074,1,NULL,2,NULL,NULL,NULL,images/X360-0074.jpg,Ghost Recon Advanced Warfighter 2,NULL,NULL,NULL,NULL
NULL,X360-0086,1,NULL,2,NULL,NULL,NULL,images/X360-0086.jpg,Halo 3,NULL,NULL,NULL,NULL
NULL,X360-0087,1,NULL,2,NULL,NULL,NULL,images/X360-0087.JPG,Halo 3 ODST,NULL,NULL,NULL,NULL
NULL,X360-0092,1,NULL,2,NULL,NULL,NULL,images/X360-0092.jpg,Infernal,NULL,NULL,NULL,NULL
NULL,X360-0094,1,NULL,2,NULL,NULL,NULL,images/X360-0094.jpg,Jurassic The Hunted,NULL,NULL,NULL,NULL
NULL,X360-0095,1,NULL,2,NULL,NULL,NULL,images/X360-0095.jpg,Just Cause 2,NULL,NULL,NULL,NULL
NULL,X360-0098,1,NULL,2,NULL,NULL,NULL,images/X360-0098.jpg,Left 4 Dead,NULL,NULL,NULL,NULL
NULL,X360-0099,1,NULL,2,NULL,NULL,NULL,images/X360-0099.jpg,Left 4 Dead 2,NULL,NULL,NULL,NULL
NULL,X360-0106,1,NULL,2,NULL,NULL,NULL,images/X360-0106.jpg,Lost Planet 2,NULL,NULL,NULL,NULL
NULL,X360-0107,1,NULL,2,NULL,NULL,NULL,images/X360-0107.jpg,Lost Planet,NULL,NULL,NULL,NULL
NULL,X360-0113,1,NULL,2,NULL,NULL,NULL,images/X360-0113.jpg,Metro 2033,NULL,NULL,NULL,NULL
NULL,X360-0135,1,NULL,2,NULL,NULL,NULL,images/X360-0135.jpg,Perfect Dark Zero,NULL,NULL,NULL,NULL
NULL,X360-0145,1,NULL,2,NULL,NULL,NULL,images/X360-0145.jpg,Rainbow Six Vegas 2,NULL,NULL,NULL,NULL
NULL,X360-0146,1,NULL,2,NULL,NULL,NULL,images/X360-0146.jpg,Rainbow Six Vegas,NULL,NULL,NULL,NULL
NULL,X360-0161,1,NULL,2,NULL,NULL,NULL,images/X360-0161.jpg,Section 8,NULL,NULL,NULL,NULL
NULL,X360-0170,1,NULL,2,NULL,NULL,NULL,images/X360-0170.jpg,Splinter Cell Double Agent,NULL,NULL,NULL,NULL
NULL,X360-0171,1,NULL,2,NULL,NULL,NULL,images/X360-0171.jpg,Splinter Cell Convivtion,NULL,NULL,NULL,NULL
NULL,X360-0178,1,NULL,2,NULL,NULL,NULL,images/X360-0178.jpg,Terminator Salvation,NULL,NULL,NULL,NULL
NULL,X360-0183,1,NULL,2,NULL,NULL,NULL,images/X360-0183.jpg,The Outfit,NULL,NULL,NULL,NULL
NULL,X360-0194,1,NULL,2,NULL,NULL,NULL,images/X360-0194.jpg,Wanted,NULL,NULL,NULL,NULL
NULL,X360-0198,1,NULL,2,NULL,NULL,NULL,images/X360-0198.jpg,Wolfenstein,NULL,NULL,NULL,NULL
NULL,X360-0215,1,NULL,2,NULL,NULL,NULL,images/X360-0215.jpg,Transformers War for Cybertron,NULL,NULL,NULL,NULL
NULL,X360-0216,1,NULL,2,NULL,NULL,NULL,images/X360-0216.jpg,Singularity,NULL,NULL,NULL,NULL
NULL,X360-0222,1,NULL,2,NULL,NULL,NULL,images/X360-0222.jpg,Crackdown 2,NULL,NULL,NULL,NULL
NULL,X360-0231,1,NULL,2,NULL,NULL,NULL,images/X360-0231.jpg,Kane and Lich 2,NULL,NULL,NULL,NULL
NULL,X360-0235,1,NULL,2,NULL,NULL,NULL,images/X360-0235.jpg,Sniper Ghost Warrior,NULL,NULL,NULL,NULL
NULL,X360-0237,1,NULL,2,NULL,NULL,NULL,images/X360-0237.jpg,Halo Reach ,NULL,NULL,NULL,NULL
NULL,X360-0238,1,NULL,2,NULL,NULL,NULL,images/X360-0238.jpg,Halo Reach ,NULL,NULL,NULL,NULL
NULL,X360-0250,1,NULL,2,NULL,NULL,NULL,images/X360-0250.jpg,Medal of Honor ,NULL,NULL,NULL,NULL
NULL,X360-0252,1,NULL,2,NULL,NULL,NULL,images/X360-0252.jpg,Quantum,NULL,NULL,NULL,NULL
NULL,X360-0254,1,NULL,2,NULL,NULL,NULL,images/X360-0254.jpg,Vanquish,NULL,NULL,NULL,NULL
NULL,X360-0266,1,NULL,2,NULL,NULL,NULL,images/X360-0266.jpg,Call of Duty Black Ops,NULL,NULL,NULL,NULL
NULL,X360-0273,1,NULL,2,NULL,NULL,NULL,images/X360-0273.jpg,007 Blood Stone,NULL,NULL,NULL,NULL
NULL,X360-0304,1,NULL,2,NULL,NULL,NULL,images/X360-0304.jpg,Crysis 2,NULL,NULL,NULL,NULL
NULL,X360-0312,1,NULL,2,NULL,NULL,NULL,images/X360-0312.jpg,Mind Jack,NULL,NULL,NULL,NULL
NULL,X360-0314,1,NULL,2,NULL,NULL,NULL,images/X360-0314.jpg,Homefront,NULL,NULL,NULL,NULL
NULL,X360-0315,1,NULL,2,NULL,NULL,NULL,images/X360-0315.jpg,Bulletstorm,NULL,NULL,NULL,NULL
NULL,X360-0320,1,NULL,2,NULL,NULL,NULL,images/X360-0320.jpg,Operation Flashpoint Red River,NULL,NULL,NULL,NULL
NULL,X360-0327,1,NULL,2,NULL,NULL,NULL,images/X360-0327.jpg,Brink,NULL,NULL,NULL,NULL
NULL,X360-0332,1,NULL,2,NULL,NULL,NULL,images/X360-0332.jpg,Red Faction Armageddon,NULL,NULL,NULL,NULL
NULL,X360-0334,1,NULL,2,NULL,NULL,NULL,images/X360-0334.jpg,Duke Nukem Forever,NULL,NULL,NULL,NULL
NULL,X360-0341,1,NULL,2,NULL,NULL,NULL,images/X360-0341.jpg,Shadows of the Damned,NULL,NULL,NULL,NULL
NULL,x360-0351,1,NULL,2,NULL,NULL,NULL,images/x360-0351.jpg,Earth Defense Force,NULL,NULL,NULL,NULL
NULL,X360-0355,1,NULL,2,NULL,NULL,NULL,images/X360-0355.jpg,Call of Juarez The Cartel,NULL,NULL,NULL,NULL
NULL,x360-0358,1,NULL,2,NULL,NULL,NULL,images/x360-0358.jpg,Deus Ex,NULL,NULL,NULL,NULL
NULL,X360-0360,1,NULL,2,NULL,NULL,NULL,images/X360-0360.jpg,Bodycount,NULL,NULL,NULL,NULL
NULL,X360-0370,1,NULL,2,NULL,NULL,NULL,images/X360-0370.jpg,Dark Sector,NULL,NULL,NULL,NULL
NULL,X360-0371,1,NULL,2,NULL,NULL,NULL,images/X360-0371.jpg,Lost Planet,NULL,NULL,NULL,NULL
NULL,X360-0387,1,NULL,2,NULL,NULL,NULL,images/X360-0387.jpg,Rainbow Six Vegas,NULL,NULL,NULL,NULL
NULL,X360-0392,1,NULL,2,NULL,NULL,NULL,images/X360-0392.jpg,Operation Flashpoint Dragon Rising,NULL,NULL,NULL,NULL
NULL,X360-0399,1,NULL,2,NULL,NULL,NULL,images/X360-0399.jpg,Halo 2,NULL,NULL,NULL,NULL
NULL,X360-0400,1,NULL,2,NULL,NULL,NULL,images/X360-0400.jpg,Halo,NULL,NULL,NULL,NULL
NULL,X360-0401,1,NULL,2,NULL,NULL,NULL,images/X360-0401.jpg,Ghost Recon Advanced Warfighter 2,NULL,NULL,NULL,NULL
NULL,X360-0408,1,NULL,2,NULL,NULL,NULL,images/X360-0408.jpg,Brothers in Arms ,NULL,NULL,NULL,NULL
NULL,X360-0417,1,NULL,2,NULL,NULL,NULL,images/X360-0417.jpg,Battlefield 3,NULL,NULL,NULL,NULL
NULL,X360-0420,1,NULL,2,NULL,NULL,NULL,images/X360-0420.jpg,Golden Eye 007 Reloaded,NULL,NULL,NULL,NULL
NULL,X360-0427,1,NULL,2,NULL,NULL,NULL,images/X360-0427.jpg,Binary Domain,NULL,NULL,NULL,NULL
NULL,X360-0429,1,NULL,2,NULL,NULL,NULL,images/X360-0429.jpg,Black Water,NULL,NULL,NULL,NULL
NULL,X360-0434,1,NULL,2,NULL,NULL,NULL,images/X360-0434.jpg,Call of Duty Modern Warfare 3,NULL,NULL,NULL,NULL
NULL,X360-0436,1,NULL,2,NULL,NULL,NULL,images/X360-0436.jpg,The Darkness 2,NULL,NULL,NULL,NULL
NULL,X360-0450,1,NULL,2,NULL,NULL,NULL,images/X360-0450.jpg,Gears of War 3,NULL,NULL,NULL,NULL
NULL,X360-0453,1,NULL,2,NULL,NULL,NULL,images/X360-0453.jpg,Halo Anniversary,NULL,NULL,NULL,NULL
NULL,X360-0477,1,NULL,2,NULL,NULL,NULL,images/X360-0477.jpg,Rage,NULL,NULL,NULL,NULL
NULL,X360-0488,1,NULL,2,NULL,NULL,NULL,images/X360-0488.jpg,Syndicate,NULL,NULL,NULL,NULL
NULL,X360-0512,1,NULL,2,NULL,NULL,NULL,images/X360-0512.jpg,Resident Evil Operation Raccoon City,NULL,NULL,NULL,NULL
NULL,X360-0536,1,NULL,2,NULL,NULL,NULL,images/X360-0536.jpg,Bioshock,NULL,NULL,NULL,NULL
NULL,X360-0539,1,NULL,2,NULL,NULL,NULL,images/X360-0539.jpg,Call of Duty 2,NULL,NULL,NULL,NULL
NULL,X360-0543,1,NULL,2,NULL,NULL,NULL,images/X360-0543.jpg,Sniper Elite V2,NULL,NULL,NULL,NULL
NULL,X360-0547,1,NULL,2,NULL,NULL,NULL,images/X360-0547.jpg,Max Payne 3,NULL,NULL,NULL,NULL
NULL,X360-0548,1,NULL,2,NULL,NULL,NULL,images/X360-0548.jpg,Ghost Recon Future Soldier,NULL,NULL,NULL,NULL
NULL,X360-0550,1,NULL,2,NULL,NULL,NULL,images/X360-0550.jpg,MIB Alien Crisis,NULL,NULL,NULL,NULL
NULL,X360-0556,1,NULL,2,NULL,NULL,NULL,images/X360-0556.jpg,inversion,NULL,NULL,NULL,NULL
NULL,X360-0566,1,NULL,2,NULL,NULL,NULL,images/X360-0566.jpg,Spec Ops The Line,NULL,NULL,NULL,NULL
NULL,X360-0571,1,NULL,2,NULL,NULL,NULL,images/X360-0571.jpg,Stranglehold,NULL,NULL,NULL,NULL
NULL,X360-0574,1,NULL,2,NULL,NULL,NULL,images/X360-0574.jpg,Blacksite,NULL,NULL,NULL,NULL
NULL,X360-0586,1,NULL,2,NULL,NULL,NULL,images/X360-0586.jpg,Transformers Fall of Cybertron,NULL,NULL,NULL,NULL
NULL,X360-0593,1,NULL,2,NULL,NULL,NULL,images/X360-0593.jpg,Dishonored,NULL,NULL,NULL,NULL
NULL,X360-0602,1,NULL,2,NULL,NULL,NULL,images/X360-0602.jpg,Halo 4,NULL,NULL,NULL,NULL
NULL,X360-0605,1,NULL,2,NULL,NULL,NULL,images/X360-0605.jpg,007 Legends,NULL,NULL,NULL,NULL
NULL,X360-0609,1,NULL,2,NULL,NULL,NULL,images/X360-0609.jpg,Medal of Honor Warfighter,NULL,NULL,NULL,NULL
NULL,X360-0625,1,NULL,2,NULL,NULL,NULL,images/X360-0625.jpg,Call of Duty Black Ops 2,NULL,NULL,NULL,NULL
NULL,X360-0627,1,NULL,2,NULL,NULL,NULL,images/X360-0627.jpg,Driver San Francisco,NULL,NULL,NULL,NULL
NULL,X360-0636,1,NULL,2,NULL,NULL,NULL,images/X360-0636.jpg,Hitman Absolution,NULL,NULL,NULL,NULL
NULL,X360-0637,1,NULL,2,NULL,NULL,NULL,images/X360-0637.jpg,Farcry 3,NULL,NULL,NULL,NULL
NULL,X360-0638,1,NULL,2,NULL,NULL,NULL,images/X360-0638.jpg,Hitman HD Trilogy,NULL,NULL,NULL,NULL
NULL,X360-0639,1,NULL,2,NULL,NULL,NULL,images/X360-0639.jpg,Heavy Fire,NULL,NULL,NULL,NULL
NULL,X360-0645,1,NULL,2,NULL,NULL,NULL,images/X360-0645.jpg,Aliens Colonial Marines,NULL,NULL,NULL,NULL
NULL,X360-0646,1,NULL,2,NULL,NULL,NULL,images/X360-0646.jpg,Crysis 3,NULL,NULL,NULL,NULL
NULL,X360-0648,1,NULL,2,NULL,NULL,NULL,images/X360-0648.jpg,Gears of War Judgement,NULL,NULL,NULL,NULL
NULL,X360-0651,1,NULL,2,NULL,NULL,NULL,images/X360-0651.jpg,Sniper Ghost Warrior 2,NULL,NULL,NULL,NULL
NULL,X360-0652,1,NULL,2,NULL,NULL,NULL,images/X360-0652.jpg,The Walking Dead,NULL,NULL,NULL,NULL
NULL,X360-0654,1,NULL,2,NULL,NULL,NULL,images/X360-0654.jpg,Army of Two The Devil's Cartel,NULL,NULL,NULL,NULL
NULL,X360-0003,16,NULL,2,NULL,NULL,NULL,images/X360-0003.jpg,Alan Wake,NULL,NULL,NULL,NULL
NULL,X360-0005,16,NULL,2,NULL,NULL,NULL,images/X360-0005.jpg,Alone in the Dark,NULL,NULL,NULL,NULL
NULL,X360-0034,16,NULL,2,NULL,NULL,NULL,images/X360-0034.jpg,Condemned 2,NULL,NULL,NULL,NULL
NULL,X360-0042,16,NULL,2,NULL,NULL,NULL,images/X360-0042.jpg,Dead Space ,NULL,NULL,NULL,NULL
NULL,X360-0044,16,NULL,2,NULL,NULL,NULL,images/X360-0044.jpg,Deadly Premonition,NULL,NULL,NULL,NULL
NULL,X360-0057,16,NULL,2,NULL,NULL,NULL,images/X360-0057.jpg,Fear 2,NULL,NULL,NULL,NULL
NULL,X360-0149,16,NULL,2,NULL,NULL,NULL,images/X360-0149.jpg,Resident Evil 5,NULL,NULL,NULL,NULL
NULL,X360-0261,16,NULL,2,NULL,NULL,NULL,images/X360-0261.jpg,Saw 2,NULL,NULL,NULL,NULL
NULL,X360-0286,16,NULL,2,NULL,NULL,NULL,images/X360-0286.jpg,Dead Space 2,NULL,NULL,NULL,NULL
NULL,X360-0287,16,NULL,2,NULL,NULL,NULL,images/X360-0287.jpg,Fear,NULL,NULL,NULL,NULL
NULL,X360-0343,16,NULL,2,NULL,NULL,NULL,images/X360-0343.jpg,Fear 3,NULL,NULL,NULL,NULL
NULL,X360-0363,16,NULL,2,NULL,NULL,NULL,images/X360-0363.jpg,Dead Island,NULL,NULL,NULL,NULL
NULL,X360-0406,16,NULL,2,NULL,NULL,NULL,images/X360-0406.jpg,Jericho,NULL,NULL,NULL,NULL
NULL,X360-0413,16,NULL,2,NULL,NULL,NULL,images/X360-0413.jpg,Resident Evil 4,NULL,NULL,NULL,NULL
NULL,X360-0514,16,NULL,2,NULL,NULL,NULL,images/X360-0514.jpg,Sillent Hill HD Collection,NULL,NULL,NULL,NULL
NULL,X360-0525,16,NULL,2,NULL,NULL,NULL,images/X360-0525.jpg,Sillent Hill Downpour,NULL,NULL,NULL,NULL
NULL,X360-0568,16,NULL,2,NULL,NULL,NULL,images/X360-0568.jpg,Dead Island Game of the Year Edition,NULL,NULL,NULL,NULL
NULL,X360-0587,16,NULL,2,NULL,NULL,NULL,images/X360-0587.jpg,Resident Evil 6,NULL,NULL,NULL,NULL
NULL,X360-0603,16,NULL,2,NULL,NULL,NULL,images/X360-0603.jpg,Doom 3,NULL,NULL,NULL,NULL
NULL,X360-0643,16,NULL,2,NULL,NULL,NULL,images/X360-0643.jpeg,Dead Space 3,NULL,NULL,NULL,NULL
NULL,X360-0656,16,NULL,2,NULL,NULL,NULL,images/X360-0656.jpg,Dead Island Riptide,NULL,NULL,NULL,NULL
NULL,X360-0001,17,NULL,2,NULL,NULL,NULL,images/X360-0001.jpg,Ace Combat 6,NULL,NULL,NULL,NULL
NULL,X360-0018,17,NULL,2,NULL,NULL,NULL,images/X360-0018.jpg,Battlestations Pacific,NULL,NULL,NULL,NULL
NULL,X360-0055,17,NULL,2,NULL,NULL,NULL,images/X360-0055.jpg,Espgaluoa Black Label,NULL,NULL,NULL,NULL
NULL,X360-0089,17,NULL,2,NULL,NULL,NULL,images/X360-0089.jpg,Hawx,NULL,NULL,NULL,NULL
NULL,X360-0090,17,NULL,2,NULL,NULL,NULL,images/X360-0090.jpg,Heroes over Europe,NULL,NULL,NULL,NULL
NULL,X360-0091,17,NULL,2,NULL,NULL,NULL,images/X360-0091.jpg,IL2 Sturmovik,NULL,NULL,NULL,NULL
NULL,X360-0144,17,NULL,2,NULL,NULL,NULL,images/X360-0144.jpg,Raiden 4,NULL,NULL,NULL,NULL
NULL,X360-0211,17,NULL,2,NULL,NULL,NULL,images/X360-0211.jpg,Dark Star One,NULL,NULL,NULL,NULL
NULL,X360-0223,17,NULL,2,NULL,NULL,NULL,images/X360-0223.jpg,Death Smiles ,NULL,NULL,NULL,NULL
NULL,X360-0238,17,NULL,2,NULL,NULL,NULL,images/X360-0238.jpg,Hawx 2,NULL,NULL,NULL,NULL
NULL,X360-0277,17,NULL,2,NULL,NULL,NULL,images/X360-0277.jpg,Apache ,NULL,NULL,NULL,NULL
NULL,X360-0391,17,NULL,2,NULL,NULL,NULL,images/X360-0391.jpg,Over Fighters,NULL,NULL,NULL,NULL
NULL,X360-0393,17,NULL,2,NULL,NULL,NULL,images/X360-0393.jpg,My Sims Sky Heroes,NULL,NULL,NULL,NULL
NULL,X360-0422,17,NULL,2,NULL,NULL,NULL,images/X360-0422.jpg,Ace Combat Assault Horizon,NULL,NULL,NULL,NULL
NULL,X360-0423,17,NULL,2,NULL,NULL,NULL,images/X360-0423.jpg,Air conflicts,NULL,NULL,NULL,NULL
NULL,X360-0442,17,NULL,2,NULL,NULL,NULL,images/X360-0442.jpg,Dodonpachi Resurrection,NULL,NULL,NULL,NULL
NULL,X360-0455,17,NULL,2,NULL,NULL,NULL,images/X360-0455.jpg,Jasf,NULL,NULL,NULL,NULL
NULL,X360-0475,17,NULL,2,NULL,NULL,NULL,images/X360-0475.jpg,Otomedius,NULL,NULL,NULL,NULL
NULL,X360-0502,17,NULL,2,NULL,NULL,NULL,images/X360-0502.jpg,Birds of Steel,NULL,NULL,NULL,NULL
NULL,X360-0522,17,NULL,2,NULL,NULL,NULL,images/X360-0522.jpg,Top Gun,NULL,NULL,NULL,NULL
NULL,X360-0551,17,NULL,2,NULL,NULL,NULL,images/X360-0551.jpg,Akaikatana,NULL,NULL,NULL,NULL
NULL,X360-0573,17,NULL,2,NULL,NULL,NULL,images/X360-0573.jpg,Blazing Angels,NULL,NULL,NULL,NULL
NULL,X360-0581,17,NULL,2,NULL,NULL,NULL,images/X360-0581.jpg,Blazing Angels 2,NULL,NULL,NULL,NULL