NULL,WII-0001,2,NULL,NULL,NULL,NULL,5,images/WII-0001.jpg,Transformers Dark of the Moon,NULL,NULL,NULL,NULL
NULL,WII-0014,2,NULL,NULL,NULL,NULL,5,images/WII-0014.jpg,Tak Guardians of Gross,NULL,NULL,NULL,NULL
NULL,WII-0016,2,NULL,NULL,NULL,NULL,5,images/WII-0016.jpg,Avatar Into the Inferno,NULL,NULL,NULL,NULL
NULL,WII-0021,2,NULL,NULL,NULL,NULL,5,images/WII-0021.jpg,Escape from Bug Island,NULL,NULL,NULL,NULL
NULL,WII-0025,2,NULL,NULL,NULL,NULL,5,images/WII-0025.jpg,Pirates of the Caribbean At World's End,NULL,NULL,NULL,NULL
NULL,WII-0027,2,NULL,NULL,NULL,NULL,5,images/WII-0027.jpg,Sam and Max,NULL,NULL,NULL,NULL
NULL,WII-0029,2,NULL,NULL,NULL,NULL,5,images/WII-0029.jpg,Crash of the Titans,NULL,NULL,NULL,NULL
NULL,WII-0033,2,NULL,NULL,NULL,NULL,5,images/WII-0033.jpg,TMNT Teenage Mutant Ninja Turtles,NULL,NULL,NULL,NULL
NULL,WII-0039,2,NULL,NULL,NULL,NULL,5,images/WII-0039.jpg,Ninjabread Man,NULL,NULL,NULL,NULL
NULL,WII-0058,2,NULL,NULL,NULL,NULL,5,images/WII-0058.jpg,Anubis 2,NULL,NULL,NULL,NULL
NULL,WII-0063,2,NULL,NULL,NULL,NULL,5,images/WII-0063.jpg,Tansformers,NULL,NULL,NULL,NULL
NULL,WII-0065,2,NULL,NULL,NULL,NULL,5,images/WII-0065.jpg,Bwii Battalion Wars 2,NULL,NULL,NULL,NULL
NULL,WII-0071,2,NULL,NULL,NULL,NULL,5,images/WII-0071.jpg,Spiderman Driend or Foe,NULL,NULL,NULL,NULL
NULL,WII-0073,2,NULL,NULL,NULL,NULL,5,images/WII-0073.jpg,Avatar The Burning Earth,NULL,NULL,NULL,NULL
NULL,WII-0075,2,NULL,NULL,NULL,NULL,5,images/WII-0075.jpg,The Legend of Spyro Dawn of the Dragon,NULL,NULL,NULL,NULL
NULL,WII-0076,2,NULL,NULL,NULL,NULL,5,images/WII-0076.jpg,Spiderman Web of Shadows,NULL,NULL,NULL,NULL
NULL,WII-0080,2,NULL,NULL,NULL,NULL,5,images/WII-0080.jpg,Dragon Blade Wrath of Fire,NULL,NULL,NULL,NULL
NULL,WII-0081,2,NULL,NULL,NULL,NULL,5,images/WII-0081.jpg,Crash Mind Over  Mutant,NULL,NULL,NULL,NULL
NULL,WII-0100,2,NULL,NULL,NULL,NULL,5,images/WII-0100.jpg,The Simpsons,NULL,NULL,NULL,NULL
NULL,WII-0102,2,NULL,NULL,NULL,NULL,5,images/WII-0102.jpg,Star Trek Conquest,NULL,NULL,NULL,NULL
NULL,WII-0104,2,NULL,NULL,NULL,NULL,5,images/WII-0104.jpg,Tomb Raider Under World,NULL,NULL,NULL,NULL
NULL,WII-0110,2,NULL,NULL,NULL,NULL,5,images/WII-0110.jpg,Ghostbuster,NULL,NULL,NULL,NULL
NULL,WII-0118,2,NULL,NULL,NULL,NULL,5,images/WII-0118.jpg,Horrible Hist,NULL,NULL,NULL,NULL
NULL,WII-0121,2,NULL,NULL,NULL,NULL,5,images/WII-0121.jpg,Basara 2 ,NULL,NULL,NULL,NULL
NULL,WII-0123,2,NULL,NULL,NULL,NULL,5,images/WII-0123.jpg,Godzilla Unleashed,NULL,NULL,NULL,NULL
NULL,WII-0124,2,NULL,NULL,NULL,NULL,5,images/WII-0124.jpg,New Blood,NULL,NULL,NULL,NULL
NULL,WII-0126,2,NULL,NULL,NULL,NULL,5,images/WII-0126.jpg,The Legend of Spyro The Eternal Night,NULL,NULL,NULL,NULL
NULL,WII-0128,2,NULL,NULL,NULL,NULL,5,images/WII-0128.jpg,Kid Paddle,NULL,NULL,NULL,NULL
NULL,WII-0130,2,NULL,NULL,NULL,NULL,5,images/WII-0130.jpg,The Golden Compass,NULL,NULL,NULL,NULL
NULL,WII-0140,2,NULL,NULL,NULL,NULL,5,images/WII-0140.jpg,Artic Tale,NULL,NULL,NULL,NULL
NULL,WII-0144,2,NULL,NULL,NULL,NULL,5,images/WII-0144.jpg,Monkey Mischief!,NULL,NULL,NULL,NULL
NULL,WII-0151,2,NULL,NULL,NULL,NULL,5,images/WII-0151.jpg,Spooky Manor,NULL,NULL,NULL,NULL
NULL,WII-0152,2,NULL,NULL,NULL,NULL,5,images/WII-0152.jpg,CSI Hard Evidence,NULL,NULL,NULL,NULL
NULL,WII-0157,2,NULL,NULL,NULL,NULL,5,images/WII-0157.jpg,Pirates Hunt for Blackbeard's Booty,NULL,NULL,NULL,NULL
NULL,WII-0160,2,NULL,NULL,NULL,NULL,5,images/WII-0160.jpg,Harvey Birdman,NULL,NULL,NULL,NULL
NULL,WII-0162,2,NULL,NULL,NULL,NULL,5,images/WII-0162.jpg,The Spiderwick,NULL,NULL,NULL,NULL
NULL,WII-0168,2,NULL,NULL,NULL,NULL,5,images/WII-0168.jpg,Samurar Warriors Katana,NULL,NULL,NULL,NULL
NULL,WII-0175,2,NULL,NULL,NULL,NULL,5,images/WII-0175.jpg,The Original Diabolik Sin,NULL,NULL,NULL,NULL
NULL,WII-0182,2,NULL,NULL,NULL,NULL,5,images/WII-0182.jpg,Ultimate Alliance,NULL,NULL,NULL,NULL
NULL,WII-0184,2,NULL,NULL,NULL,NULL,5,images/WII-0184.jpg,Harry Potter And the Order of the Phoenix,NULL,NULL,NULL,NULL
NULL,WII-0186,2,NULL,NULL,NULL,NULL,5,images/WII-0186.jpg,Cocoto Magic Circus,NULL,NULL,NULL,NULL
NULL,WII-0189,2,NULL,NULL,NULL,NULL,5,images/WII-0189.jpg,One Piece Unlimited Adventure,NULL,NULL,NULL,NULL
NULL,WII-0191,2,NULL,NULL,NULL,NULL,5,images/WII-0191.jpg,The Tale of Despereaux,NULL,NULL,NULL,NULL
NULL,WII-0199,2,NULL,NULL,NULL,NULL,5,images/WII-0199.jpg,Destroy All Humans! Big Willy Unleashed,NULL,NULL,NULL,NULL
NULL,WII-0201,2,NULL,NULL,NULL,NULL,5,images/WII-0201.jpg,Nancy Drew The White Wolf of Icicle Creek,NULL,NULL,NULL,NULL
NULL,WII-0205,2,NULL,NULL,NULL,NULL,5,images/WII-0205.jpg,Bully Scholership Edition,NULL,NULL,NULL,NULL
NULL,WII-0206,2,NULL,NULL,NULL,NULL,5,images/WII-0206.jpg,Castlevania Judgment,NULL,NULL,NULL,NULL
NULL,WII-0208,2,NULL,NULL,NULL,NULL,5,images/WII-0208.jpg,Jumper,NULL,NULL,NULL,NULL
NULL,WII-0222,2,NULL,NULL,NULL,NULL,5,images/WII-0222.jpg,Myth Makers Trixie in Toyland,NULL,NULL,NULL,NULL
NULL,WII-0233,2,NULL,NULL,NULL,NULL,5,images/WII-0233.jpg,MyM Adventure,NULL,NULL,NULL,NULL
NULL,WII-0234,2,NULL,NULL,NULL,NULL,5,images/WII-0234.jpg,Top Trumps Doctor Who,NULL,NULL,NULL,NULL
NULL,WII-0235,2,NULL,NULL,NULL,NULL,5,images/WII-0235.jpg,El Padrino El Chantaje,NULL,NULL,NULL,NULL
NULL,WII-0238,2,NULL,NULL,NULL,NULL,5,images/WII-0238.jpg,Spray,NULL,NULL,NULL,NULL
NULL,WII-0241,2,NULL,NULL,NULL,NULL,5,images/WII-0241.jpg,Safari Adverures Africa,NULL,NULL,NULL,NULL
NULL,WII-0244,2,NULL,NULL,NULL,NULL,5,images/WII-0244.jpg,Scarface The World is Yours,NULL,NULL,NULL,NULL
NULL,WII-0247,2,NULL,NULL,NULL,NULL,5,images/WII-0247.jpg,Rygar The Battle Argus,NULL,NULL,NULL,NULL
NULL,WII-0254,2,NULL,NULL,NULL,NULL,5,images/WII-0254.jpg,Overlord Dark Legend,NULL,NULL,NULL,NULL
NULL,WII-0264,2,NULL,NULL,NULL,NULL,5,images/WII-0264.jpg,Transformers Revenge of the Fallen,NULL,NULL,NULL,NULL
NULL,WII-0271,2,NULL,NULL,NULL,NULL,5,images/WII-0271.jpg,Happy Potter And the Half Blood Prince,NULL,NULL,NULL,NULL
NULL,WII-0282,2,NULL,NULL,NULL,NULL,5,images/WII-0282.jpg,Saint,NULL,NULL,NULL,NULL
NULL,WII-0293,2,NULL,NULL,NULL,NULL,5,images/WII-0293.jpg,Mr Beans's,NULL,NULL,NULL,NULL
NULL,WII-0314,2,NULL,NULL,NULL,NULL,5,images/WII-0314.jpg,Monbile Suit Gundam,NULL,NULL,NULL,NULL
NULL,WII-0315,2,NULL,NULL,NULL,NULL,5,images/WII-0315.jpg,The Destiny of Zorro,NULL,NULL,NULL,NULL
NULL,WII-0323,2,NULL,NULL,NULL,NULL,5,images/WII-0323.jpg,Generation Wars,NULL,NULL,NULL,NULL
NULL,WII-0324,2,NULL,NULL,NULL,NULL,5,images/WII-0324.jpg,Broken Sword Shadow of the Templars,NULL,NULL,NULL,NULL
NULL,WII-0330,2,NULL,NULL,NULL,NULL,5,images/WII-0330.jpg,Super Mario Galaxy,NULL,NULL,NULL,NULL
NULL,WII-0344,2,NULL,NULL,NULL,NULL,5,images/WII-0344.jpg,Mini Ninjas,NULL,NULL,NULL,NULL
NULL,WII-0357,2,NULL,NULL,NULL,NULL,5,images/WII-0357.jpg,Legend of the Dragon,NULL,NULL,NULL,NULL
NULL,WII-0361,2,NULL,NULL,NULL,NULL,5,images/WII-0361.jpg,Monster Mayhem,NULL,NULL,NULL,NULL
NULL,WII-0362,2,NULL,NULL,NULL,NULL,5,images/WII-0362.jpg,Impossible Mission,NULL,NULL,NULL,NULL
NULL,WII-0365,2,NULL,NULL,NULL,NULL,5,images/WII-0365.jpg,Spyborgs,NULL,NULL,NULL,NULL
NULL,WII-0366,2,NULL,NULL,NULL,NULL,5,images/WII-0366.jpg,My Sims Agents,NULL,NULL,NULL,NULL
NULL,WII-0381,2,NULL,NULL,NULL,NULL,5,images/WII-0381.jpg,Escape the Museum,NULL,NULL,NULL,NULL
NULL,WII-0388,2,NULL,NULL,NULL,NULL,5,images/WII-0388.jpg,Tornado outbreak,NULL,NULL,NULL,NULL
NULL,WII-0390,2,NULL,NULL,NULL,NULL,5,images/WII-0390.jpg,CID The Dummy,NULL,NULL,NULL,NULL
NULL,WII-0409,2,NULL,NULL,NULL,NULL,5,images/WII-0409.jpg,Minin Every Hero,NULL,NULL,NULL,NULL
NULL,WII-0420,2,NULL,NULL,NULL,NULL,5,images/WII-0420.jpg,Super Mario Bros.Wii The Next Levels,NULL,NULL,NULL,NULL
NULL,WII-0425,2,NULL,NULL,NULL,NULL,5,images/WII-0425.jpg,Iron Man 2,NULL,NULL,NULL,NULL
NULL,WII-0427,2,NULL,NULL,NULL,NULL,5,images/WII-0427.png,Super Mario Bros.Wii,NULL,NULL,NULL,NULL
NULL,WII-0428,2,NULL,NULL,NULL,NULL,5,images/WII-0428.jpg,Rayman Raving Rabbids 2,NULL,NULL,NULL,NULL
NULL,WII-0429,2,NULL,NULL,NULL,NULL,5,images/WII-0429.gif,Muramasa The Demon Blade,NULL,NULL,NULL,NULL
NULL,WII-0430,2,NULL,NULL,NULL,NULL,5,images/WII-0430.jpg,Attack of the Movies 3d,NULL,NULL,NULL,NULL
NULL,WII-0434,2,NULL,NULL,NULL,NULL,5,images/WII-0434.jpg,Spectrobes Origins,NULL,NULL,NULL,NULL
NULL,WII-0436,2,NULL,NULL,NULL,NULL,5,images/WII-0436.png,Trauma Team,NULL,NULL,NULL,NULL
NULL,WII-0454,2,NULL,NULL,NULL,NULL,5,images/WII-0454.png,Reginle 4,NULL,NULL,NULL,NULL
NULL,WII-0467,2,NULL,NULL,NULL,NULL,5,images/WII-0467.jpg,Im a Celebrity,NULL,NULL,NULL,NULL
NULL,WII-0474,2,NULL,NULL,NULL,NULL,5,images/WII-0474.jpg,Sam and Max Beyond Time and Space,NULL,NULL,NULL,NULL
NULL,WII-0479,2,NULL,NULL,NULL,NULL,5,images/WII-0479.jpg,We Wish You a Merry Christmas,NULL,NULL,NULL,NULL
NULL,WII-0482,2,NULL,NULL,NULL,NULL,5,images/WII-0482.jpg,Pizza Delivery Boy,NULL,NULL,NULL,NULL
NULL,WII-0486,2,NULL,NULL,NULL,NULL,5,images/WII-0486.jpg,Jaja's Adventure,NULL,NULL,NULL,NULL
NULL,WII-0497,2,NULL,NULL,NULL,NULL,5,images/WII-0497.jpg,Prince of Persia The Forgotten Sands,NULL,NULL,NULL,NULL
NULL,WII-0553,2,NULL,NULL,NULL,NULL,5,images/WII-0553.png,Chaotic Shadow Warriors,NULL,NULL,NULL,NULL
NULL,WII-0579,2,NULL,NULL,NULL,NULL,5,images/WII-0579.jpg,Transformers Cybertron Adventures,NULL,NULL,NULL,NULL
NULL,WII-0583,2,NULL,NULL,NULL,NULL,5,images/WII-0583.JPG,Pirates Plundarrr,NULL,NULL,NULL,NULL
NULL,WII-0587,2,NULL,NULL,NULL,NULL,5,images/WII-0587.jpg,Avatar The Last Airbender,NULL,NULL,NULL,NULL
NULL,WII-0594,2,NULL,NULL,NULL,NULL,5,images/WII-0594.jpg,Avatar ,NULL,NULL,NULL,NULL
NULL,WII-0595,2,NULL,NULL,NULL,NULL,5,images/WII-0595.jpg,Runaway The Dream of the Turtle,NULL,NULL,NULL,NULL
NULL,WII-0598,2,NULL,NULL,NULL,NULL,5,images/WII-0598.jpg,Titanic,NULL,NULL,NULL,NULL
NULL,WII-0605,2,NULL,NULL,NULL,NULL,5,images/WII-0605.jpg,Basara 3,NULL,NULL,NULL,NULL
NULL,WII-0623,2,NULL,NULL,NULL,NULL,5,images/WII-0623.jpg,Guilty Party,NULL,NULL,NULL,NULL
NULL,WII-0626,2,NULL,NULL,NULL,NULL,5,images/WII-0626.jpg,Isabella,NULL,NULL,NULL,NULL
NULL,WII-0630,2,NULL,NULL,NULL,NULL,5,images/WII-0630.jpg,Spiderman Shattered Dimensions,NULL,NULL,NULL,NULL
NULL,WII-0645,2,NULL,NULL,NULL,NULL,5,images/WII-0645.jpg,Skyscraper,NULL,NULL,NULL,NULL
NULL,WII-0683,2,NULL,NULL,NULL,NULL,5,images/WII-0683.jpg,Okami,NULL,NULL,NULL,NULL
NULL,WII-0688,2,NULL,NULL,NULL,NULL,5,images/WII-0688.jpg,Active Life Explorer,NULL,NULL,NULL,NULL
NULL,WII-0698,2,NULL,NULL,NULL,NULL,5,images/WII-0698.jpg,Flip's Twisted World,NULL,NULL,NULL,NULL
NULL,WII-0699,2,NULL,NULL,NULL,NULL,5,images/WII-0699.jpg,Wild Earth African Safari,NULL,NULL,NULL,NULL
NULL,WII-0714,2,NULL,NULL,NULL,NULL,5,images/WII-0714.jpg,Heavenly,NULL,NULL,NULL,NULL
NULL,WII-0718,2,NULL,NULL,NULL,NULL,5,images/WII-0718.png,Race,NULL,NULL,NULL,NULL
NULL,WII-0720,2,NULL,NULL,NULL,NULL,5,images/WII-0720.jpg,Shin Chan Las Nuevas Aventuras Parra Wii!,NULL,NULL,NULL,NULL
NULL,WII-0728,2,NULL,NULL,NULL,NULL,5,images/WII-0728.jpg,The Monkey King,NULL,NULL,NULL,NULL
NULL,WII-0729,2,NULL,NULL,NULL,NULL,5,images/WII-0729.jpeg,Poke Park Wii,NULL,NULL,NULL,NULL
NULL,WII-0734,2,NULL,NULL,NULL,NULL,5,images/WII-0734.jpg,Death Jr,NULL,NULL,NULL,NULL
NULL,WII-0741,2,NULL,NULL,NULL,NULL,5,images/WII-0741.jpg,Rampage Total Destruction,NULL,NULL,NULL,NULL
NULL,WII-0747,2,NULL,NULL,NULL,NULL,5,images/WII-0747.jpg,Harry Potter Y las Reliquias de la Muerte Parte 1,NULL,NULL,NULL,NULL
NULL,WII-0751,2,NULL,NULL,NULL,NULL,5,images/WII-0751.jpg,Iron Man,NULL,NULL,NULL,NULL
NULL,WII-0754,2,NULL,NULL,NULL,NULL,5,images/WII-0754.jpg,Dood's Dig Adventure,NULL,NULL,NULL,NULL
NULL,WII-0755,2,NULL,NULL,NULL,NULL,5,images/WII-0755.jpg,Hulk,NULL,NULL,NULL,NULL
NULL,WII-0757,2,NULL,NULL,NULL,NULL,5,images/WII-0757.jpg,Doctor Who,NULL,NULL,NULL,NULL
NULL,WII-0782,2,NULL,NULL,NULL,NULL,5,images/WII-0782.jpg,La Momia,NULL,NULL,NULL,NULL
NULL,WII-0812,2,NULL,NULL,NULL,NULL,5,images/WII-0812.jpg,Springdale Riding Adventures,NULL,NULL,NULL,NULL
NULL,WII-0824,2,NULL,NULL,NULL,NULL,5,images/WII-0824.jpg,De Blob 2,NULL,NULL,NULL,NULL
NULL,WII-0830,2,NULL,NULL,NULL,NULL,5,images/WII-0830.jpg,Beastly,NULL,NULL,NULL,NULL
NULL,WII-0833,2,NULL,NULL,NULL,NULL,5,images/WII-0833.jpg,Captain Rainbow,NULL,NULL,NULL,NULL
NULL,WII-0855,2,NULL,NULL,NULL,NULL,5,images/WII-0855.jpg,Ispy Spooky Mansion,NULL,NULL,NULL,NULL
NULL,WII-0857,2,NULL,NULL,NULL,NULL,5,images/WII-0857.jpg,Thor God Thunder,NULL,NULL,NULL,NULL
NULL,WII-0859,2,NULL,NULL,NULL,NULL,5,images/WII-0859.jpg,Lost in Blue ,NULL,NULL,NULL,NULL
NULL,WII-0860,2,NULL,NULL,NULL,NULL,5,images/WII-0860.jpg,Man vs Wild,NULL,NULL,NULL,NULL
NULL,WII-0004,8,NULL,NULL,NULL,NULL,5,images/WII-0004.jpg,Driver San Francisco,NULL,NULL,NULL,NULL
NULL,WII-0005,8,NULL,NULL,NULL,NULL,5,images/WII-0005.jpg,Super Sonic Racer,NULL,NULL,NULL,NULL
NULL,WII-0010,8,NULL,NULL,NULL,NULL,5,images/WII-0010.jpg,Kawasaki SnowMobiles,NULL,NULL,NULL,NULL
NULL,WII-0023,8,NULL,NULL,NULL,NULL,5,images/WII-0023.jpg,Penny Racers Party,NULL,NULL,NULL,NULL
NULL,WII-0035,8,NULL,NULL,NULL,NULL,5,images/WII-0035.jpg,Monster Trux Extreme,NULL,NULL,NULL,NULL
NULL,WII-0046,8,NULL,NULL,NULL,NULL,5,images/WII-0046.jpg,Baja sobre 1000,NULL,NULL,NULL,NULL
NULL,WII-0054,8,NULL,NULL,NULL,NULL,5,images/WII-0054.jpg,Excite Truck,NULL,NULL,NULL,NULL
NULL,WII-0084,8,NULL,NULL,NULL,NULL,5,images/WII-0084.jpg,Driver Parallel Lines,NULL,NULL,NULL,NULL
NULL,WII-0089,8,NULL,NULL,NULL,NULL,5,images/WII-0089.jpg,Monster Jam Urban Assault,NULL,NULL,NULL,NULL
NULL,WII-0092,8,NULL,NULL,NULL,NULL,5,images/WII-0092.jpg,Need for Speed Pro Street,NULL,NULL,NULL,NULL
NULL,WII-0093,8,NULL,NULL,NULL,NULL,5,images/WII-0093.jpg,Jeep Thrills,NULL,NULL,NULL,NULL
NULL,WII-0115,8,NULL,NULL,NULL,NULL,5,images/WII-0115.jpg,Need for Speed Carbon,NULL,NULL,NULL,NULL
NULL,WII-0120,8,NULL,NULL,NULL,NULL,5,images/WII-0120.jpg,My Sims Racing,NULL,NULL,NULL,NULL
NULL,WII-0125,8,NULL,NULL,NULL,NULL,5,images/WII-0125.jpg,Indianapolis 500 Legends,NULL,NULL,NULL,NULL
NULL,WII-0138,8,NULL,NULL,NULL,NULL,5,images/WII-0138.jpg,Mini Desktop racing,NULL,NULL,NULL,NULL
NULL,WII-0139,8,NULL,NULL,NULL,NULL,5,images/WII-0139.jpg,Off Road Extreme!,NULL,NULL,NULL,NULL
NULL,WII-0149,8,NULL,NULL,NULL,NULL,5,images/WII-0149.jpg,Myth Makers Super Kart GP,NULL,NULL,NULL,NULL
NULL,WII-0150,8,NULL,NULL,NULL,NULL,5,images/WII-0150.jpg,Rig Racer 2,NULL,NULL,NULL,NULL
NULL,WII-0153,8,NULL,NULL,NULL,NULL,5,images/WII-0153.jpg,Kawasaki Quad Bikes,NULL,NULL,NULL,NULL
NULL,WII-0156,8,NULL,NULL,NULL,NULL,5,images/WII-0156.jpg,Classic British Motor Racing,NULL,NULL,NULL,NULL
NULL,WII-0159,8,NULL,NULL,NULL,NULL,5,images/WII-0159.jpg,Sonic Riders Zero Gravity,NULL,NULL,NULL,NULL
NULL,WII-0167,8,NULL,NULL,NULL,NULL,5,images/WII-0167.jpg,Nitro Bike,NULL,NULL,NULL,NULL
NULL,WII-0171,8,NULL,NULL,NULL,NULL,5,images/WII-0171.jpg,Need for Speed Undercover,NULL,NULL,NULL,NULL
NULL,WII-0173,8,NULL,NULL,NULL,NULL,5,images/WII-0173.jpg,Mx vs ATV Untamed,NULL,NULL,NULL,NULL
NULL,WII-0178,8,NULL,NULL,NULL,NULL,5,images/WII-0178.jpg,Kawasaki Jet Ski,NULL,NULL,NULL,NULL
NULL,WII-0202,8,NULL,NULL,NULL,NULL,5,images/WII-0202.jpg,London Rushour,NULL,NULL,NULL,NULL
NULL,WII-0203,8,NULL,NULL,NULL,NULL,5,images/WII-0203.jpg,GT Pro Series,NULL,NULL,NULL,NULL
NULL,WII-0228,8,NULL,NULL,NULL,NULL,5,images/WII-0228.jpg,Mario Kart,NULL,NULL,NULL,NULL
NULL,WII-0229,8,NULL,NULL,NULL,NULL,5,images/WII-0229.jpg,Emergency Mayhem,NULL,NULL,NULL,NULL
NULL,WII-0248,8,NULL,NULL,NULL,NULL,5,images/WII-0248.jpg,Chrysler,NULL,NULL,NULL,NULL
NULL,WII-0295,8,NULL,NULL,NULL,NULL,5,images/WII-0295.jpg,Urban Extreme,NULL,NULL,NULL,NULL
NULL,WII-0296,8,NULL,NULL,NULL,NULL,5,images/WII-0296.jpg,Nascar Kart Racing,NULL,NULL,NULL,NULL
NULL,WII-0310,8,NULL,NULL,NULL,NULL,5,images/WII-0310.jpg,Kart Racer,NULL,NULL,NULL,NULL
NULL,WII-0319,8,NULL,NULL,NULL,NULL,5,images/WII-0319.jpg,ATV Quad Kings,NULL,NULL,NULL,NULL
NULL,WII-0320,8,NULL,NULL,NULL,NULL,5,images/WII-0320.jpg,Build'n Race,NULL,NULL,NULL,NULL
NULL,WII-0321,8,NULL,NULL,NULL,NULL,5,images/WII-0321.jpg,Speed Zone,NULL,NULL,NULL,NULL
NULL,WII-0327,8,NULL,NULL,NULL,NULL,5,images/WII-0327.jpg,Supercross,NULL,NULL,NULL,NULL
NULL,WII-0334,8,NULL,NULL,NULL,NULL,5,images/WII-0334.jpg,Truck Racer,NULL,NULL,NULL,NULL
NULL,WII-0346,8,NULL,NULL,NULL,NULL,5,images/WII-0346.jpg,Dirt 2,NULL,NULL,NULL,NULL
NULL,WII-0347,8,NULL,NULL,NULL,NULL,5,images/WII-0347.jpg,MotoGP,NULL,NULL,NULL,NULL
NULL,WII-0360,8,NULL,NULL,NULL,NULL,5,images/WII-0360.jpg,Monster Trucks Mayhem,NULL,NULL,NULL,NULL
NULL,WII-0380,8,NULL,NULL,NULL,NULL,5,images/WII-0380.jpg,Excite Bots Trick Racing,NULL,NULL,NULL,NULL
NULL,WII-0400,8,NULL,NULL,NULL,NULL,5,images/WII-0400.jpg,Dodge Racing ,NULL,NULL,NULL,NULL
NULL,WII-0407,8,NULL,NULL,NULL,NULL,5,images/WII-0407.jpg,Madagascar Kartz,NULL,NULL,NULL,NULL
NULL,WII-0431,8,NULL,NULL,NULL,NULL,5,images/WII-0431.jpg,Donkey Kong Berrel Blast,NULL,NULL,NULL,NULL
NULL,WII-0446,8,NULL,NULL,NULL,NULL,5,images/WII-0446.jpg,Need for Speed Nitro,NULL,NULL,NULL,NULL
NULL,WII-0453,8,NULL,NULL,NULL,NULL,5,images/WII-0453.jpg,Super Pickups,NULL,NULL,NULL,NULL
NULL,WII-0463,8,NULL,NULL,NULL,NULL,5,images/WII-0463.jpg,GTI Club,NULL,NULL,NULL,NULL
NULL,WII-0465,8,NULL,NULL,NULL,NULL,5,images/WII-0465.jpg,Sonic Sega All Stars Racing,NULL,NULL,NULL,NULL
NULL,WII-0468,8,NULL,NULL,NULL,NULL,5,images/WII-0468.jpg,Spongebob's Boating Bash,NULL,NULL,NULL,NULL
NULL,WII-0496,8,NULL,NULL,NULL,NULL,5,images/WII-0496.jpg,Speed,NULL,NULL,NULL,NULL
NULL,WII-0557,8,NULL,NULL,NULL,NULL,5,images/WII-0557.jpg,Skidoo Challenge,NULL,NULL,NULL,NULL
NULL,WII-0559,8,NULL,NULL,NULL,NULL,5,images/WII-0559.jpg,Aladin Magic Racer,NULL,NULL,NULL,NULL
NULL,WII-0572,8,NULL,NULL,NULL,NULL,5,images/WII-0572.jpg,F1 2009 Formula 1,NULL,NULL,NULL,NULL
NULL,WII-0582,8,NULL,NULL,NULL,NULL,5,images/WII-0582.jpg,Hotwheels Batle Force 5,NULL,NULL,NULL,NULL
NULL,WII-0588,8,NULL,NULL,NULL,NULL,5,images/WII-0588.jpg,Wheelspin,NULL,NULL,NULL,NULL
NULL,WII-0591,8,NULL,NULL,NULL,NULL,5,images/WII-0591.jpg,Redneck,NULL,NULL,NULL,NULL
NULL,WII-0596,8,NULL,NULL,NULL,NULL,5,images/WII-0596.jpg,GP Classic Racing,NULL,NULL,NULL,NULL
NULL,WII-0609,8,NULL,NULL,NULL,NULL,5,images/WII-0609.jpg,Rally Racer,NULL,NULL,NULL,NULL
NULL,WII-0614,8,NULL,NULL,NULL,NULL,5,images/WII-0614.jpg,Mad Tracks,NULL,NULL,NULL,NULL
NULL,WII-0615,8,NULL,NULL,NULL,NULL,5,images/WII-0615.png,L'esprit du Loup,NULL,NULL,NULL,NULL
NULL,WII-0638,8,NULL,NULL,NULL,NULL,5,images/WII-0638.jpg,Track Mania,NULL,NULL,NULL,NULL
NULL,WII-0671,8,NULL,NULL,NULL,NULL,5,images/WII-0671.jpg,Cyberbike Cycling Sports,NULL,NULL,NULL,NULL
NULL,WII-0677,8,NULL,NULL,NULL,NULL,5,images/WII-0677.jpg,Glacier 2,NULL,NULL,NULL,NULL
NULL,WII-0700,8,NULL,NULL,NULL,NULL,5,images/WII-0700.jpg,Drag and Stock Racer,NULL,NULL,NULL,NULL
NULL,WII-0722,8,NULL,NULL,NULL,NULL,5,images/WII-0722.jpg,Speed Racer,NULL,NULL,NULL,NULL
NULL,WII-0727,8,NULL,NULL,NULL,NULL,5,images/WII-0727.JPG,MyM Kart Racing,NULL,NULL,NULL,NULL
NULL,WII-0737,8,NULL,NULL,NULL,NULL,5,images/WII-0737.jpg,Monster Jam Path of Destruction,NULL,NULL,NULL,NULL
NULL,WII-0738,8,NULL,NULL,NULL,NULL,5,images/WII-0738.jpg,Need for Speed Hot Pursuit,NULL,NULL,NULL,NULL
NULL,WII-0739,8,NULL,NULL,NULL,NULL,5,images/WII-0739.jpg,Monster Jam,NULL,NULL,NULL,NULL
NULL,WII-0742,8,NULL,NULL,NULL,NULL,5,images/WII-0742.jpg,Emergency Heroes,NULL,NULL,NULL,NULL
NULL,WII-0748,8,NULL,NULL,NULL,NULL,5,images/WII-0748.jpg,Hotwheels Track Attack,NULL,NULL,NULL,NULL
NULL,WII-0766,8,NULL,NULL,NULL,NULL,5,images/WII-0766.jpg,wacky Races,NULL,NULL,NULL,NULL
NULL,WII-0770,8,NULL,NULL,NULL,NULL,5,images/WII-0770.jpg,Cocoto Kart Racer,NULL,NULL,NULL,NULL
NULL,WII-0788,8,NULL,NULL,NULL,NULL,5,images/WII-0788.jpg,Kearthcliff! ,NULL,NULL,NULL,NULL
NULL,WII-0805,8,NULL,NULL,NULL,NULL,5,images/WII-0805.jpg,Off Road Land Rover Ford,NULL,NULL,NULL,NULL
NULL,WII-0806,8,NULL,NULL,NULL,NULL,5,images/WII-0806.jpg,Chevrolet Camaro Wild Race,NULL,NULL,NULL,NULL
NULL,WII-0808,8,NULL,NULL,NULL,NULL,5,images/WII-0808.jpg,ATV Fever,NULL,NULL,NULL,NULL
NULL,WII-0815,8,NULL,NULL,NULL,NULL,5,images/WII-0815.jpg,Ferrari Challenge,NULL,NULL,NULL,NULL
NULL,WII-0818,8,NULL,NULL,NULL,NULL,5,images/WII-0818.jpg,Crash Car Racer,NULL,NULL,NULL,NULL
NULL,WII-0819,8,NULL,NULL,NULL,NULL,5,images/WII-0819.jpg,Sprint Cars,NULL,NULL,NULL,NULL
NULL,WII-0827,8,NULL,NULL,NULL,NULL,5,images/WII-0827.jpg,Super Truck Rage,NULL,NULL,NULL,NULL
NULL,WII-0837,8,NULL,NULL,NULL,NULL,5,images/WII-0837.jpg,Super Karts,NULL,NULL,NULL,NULL
NULL,WII-0869,8,NULL,NULL,NULL,NULL,5,images/WII-0869.jpg,Nascar 2011,NULL,NULL,NULL,NULL
NULL,WII-0009,18,NULL,NULL,NULL,NULL,5,images/WII-0009.jpg,Chuck E. Cheese's Super Collection,NULL,NULL,NULL,NULL
NULL,WII-0107,18,NULL,NULL,NULL,NULL,5,images/WII-0107.jpg,Calvin Tucker's Redneck,NULL,NULL,NULL,NULL
NULL,WII-0176,18,NULL,NULL,NULL,NULL,5,images/WII-0176.jpg,Furu Furu Park,NULL,NULL,NULL,NULL
NULL,WII-0279,18,NULL,NULL,NULL,NULL,5,images/WII-0279.jpg,Neighborhood Games,NULL,NULL,NULL,NULL
NULL,WII-0288,18,NULL,NULL,NULL,NULL,5,images/WII-0288.jpg,Farmyerd Party,NULL,NULL,NULL,NULL
NULL,WII-0316,18,NULL,NULL,NULL,NULL,5,images/WII-0316.jpg,Family Trainer Extreme Challenge,NULL,NULL,NULL,NULL
NULL,WII-0333,18,NULL,NULL,NULL,NULL,5,images/WII-0333.jpg,Play the World,NULL,NULL,NULL,NULL
NULL,WII-0339,18,NULL,NULL,NULL,NULL,5,images/WII-0339.jpg,MyM Beach Party,NULL,NULL,NULL,NULL
NULL,WII-0391,18,NULL,NULL,NULL,NULL,5,images/WII-0391.jpg,Smiley World Island Challenge,NULL,NULL,NULL,NULL
NULL,WII-0403,18,NULL,NULL,NULL,NULL,5,images/WII-0403.jpg,Ninja Captains,NULL,NULL,NULL,NULL
NULL,WII-0410,18,NULL,NULL,NULL,NULL,5,images/WII-0410.jpg,Pajama Party,NULL,NULL,NULL,NULL
NULL,WII-0415,18,NULL,NULL,NULL,NULL,5,images/WII-0415.jpg,Help Wanted,NULL,NULL,NULL,NULL
NULL,WII-0477,18,NULL,NULL,NULL,NULL,5,images/WII-0477.jpg,The Daring Game for Girls,NULL,NULL,NULL,NULL
NULL,WII-0558,18,NULL,NULL,NULL,NULL,5,images/WII-0558.jpg,Games Island,NULL,NULL,NULL,NULL
NULL,WII-0564,18,NULL,NULL,NULL,NULL,5,images/WII-0564.png,The Ultimate Red Ball Challenge,NULL,NULL,NULL,NULL
NULL,WII-0620,18,NULL,NULL,NULL,NULL,5,images/WII-0620.jpg,Holiday Games,NULL,NULL,NULL,NULL
NULL,WII-0621,18,NULL,NULL,NULL,NULL,5,images/WII-0621.jpg,Ultimate Party Challenge,NULL,NULL,NULL,NULL
NULL,WII-0634,18,NULL,NULL,NULL,NULL,5,images/WII-0634.jpg,Blub Penguin Game Day!,NULL,NULL,NULL,NULL
NULL,WII-0635,18,NULL,NULL,NULL,NULL,5,images/WII-0635.jpg,Girls Life,NULL,NULL,NULL,NULL
NULL,WII-0692,18,NULL,NULL,NULL,NULL,5,images/WII-0692.jpg,Family Trainer,NULL,NULL,NULL,NULL
NULL,WII-0834,18,NULL,NULL,NULL,NULL,5,images/WII-0834.jpg,Outdoor Challenge,NULL,NULL,NULL,NULL
NULL,WII-0838,18,NULL,NULL,NULL,NULL,5,images/WII-0838.jpg,Sammy's Collection,NULL,NULL,NULL,NULL
NULL,WII-0002,3,NULL,NULL,NULL,NULL,5,images/WII-0002.jpg,Junior League Sports,NULL,NULL,NULL,NULL
NULL,WII-0006,3,NULL,NULL,NULL,NULL,5,images/WII-0006.jpg,Outdoor Action Double Pack,NULL,NULL,NULL,NULL
NULL,WII-0011,3,NULL,NULL,NULL,NULL,5,images/WII-0011.jpg,FIFA 09 All Play,NULL,NULL,NULL,NULL
NULL,WII-0012,3,NULL,NULL,NULL,NULL,5,images/WII-0012.jpg,NBA Live 09 All Play,NULL,NULL,NULL,NULL
NULL,WII-0013,3,NULL,NULL,NULL,NULL,5,images/WII-0013.jpg,Carninal Mini Golf,NULL,NULL,NULL,NULL
NULL,WII-0019,3,NULL,NULL,NULL,NULL,5,images/WII-0019.jpg,All Star Cheerleader 2,NULL,NULL,NULL,NULL
NULL,WII-0024,3,NULL,NULL,NULL,NULL,5,images/WII-0024.jpg,Tiger Woods PGA Tour 07,NULL,NULL,NULL,NULL
NULL,WII-0028,3,NULL,NULL,NULL,NULL,5,images/WII-0028.jpg,Hooked Again,NULL,NULL,NULL,NULL
NULL,WII-0030,3,NULL,NULL,NULL,NULL,5,images/WII-0030.jpg,Backyard Football 09,NULL,NULL,NULL,NULL
NULL,WII-0037,3,NULL,NULL,NULL,NULL,5,images/WII-0037.jpg,Tiger Woods PGA Tour 08,NULL,NULL,NULL,NULL
NULL,WII-0038,3,NULL,NULL,NULL,NULL,5,images/WII-0038.jpg,Tony Hawk's Proving Ground,NULL,NULL,NULL,NULL
NULL,WII-0040,3,NULL,NULL,NULL,NULL,5,images/WII-0040.jpg,Madden NFL 08,NULL,NULL,NULL,NULL
NULL,WII-0042,3,NULL,NULL,NULL,NULL,5,images/WII-0042.jpg,Jillian Michaels,NULL,NULL,NULL,NULL
NULL,WII-0048,3,NULL,NULL,NULL,NULL,5,images/WII-0048.jpg,Rapala Tournament,NULL,NULL,NULL,NULL
NULL,WII-0055,3,NULL,NULL,NULL,NULL,5,images/WII-0055.jpg,Super Swing Golf,NULL,NULL,NULL,NULL
NULL,WII-0060,3,NULL,NULL,NULL,NULL,5,images/WII-0060.jpg,NBA Live 08,NULL,NULL,NULL,NULL
NULL,WII-0062,3,NULL,NULL,NULL,NULL,5,images/WII-0062.jpg,North American Hunting,NULL,NULL,NULL,NULL
NULL,WII-0066,3,NULL,NULL,NULL,NULL,5,images/WII-0066.jpg,Dave Mirra BMX Challenge,NULL,NULL,NULL,NULL
NULL,WII-0070,3,NULL,NULL,NULL,NULL,5,images/WII-0070.jpg,FIFA 08,NULL,NULL,NULL,NULL
NULL,WII-0077,3,NULL,NULL,NULL,NULL,5,images/WII-0077.jpg,Balls of Fury,NULL,NULL,NULL,NULL
NULL,WII-0090,3,NULL,NULL,NULL,NULL,5,images/WII-0090.jpg,Fishing Master,NULL,NULL,NULL,NULL
NULL,WII-0097,3,NULL,NULL,NULL,NULL,5,images/WII-0097.jpg,SSX Blur,NULL,NULL,NULL,NULL
NULL,WII-0116,3,NULL,NULL,NULL,NULL,5,images/WII-0116.jpg,ShaunWhite Snowboarding,NULL,NULL,NULL,NULL
NULL,WII-0119,3,NULL,NULL,NULL,NULL,5,images/WII-0119.jpg,Skate It,NULL,NULL,NULL,NULL
NULL,WII-0127,3,NULL,NULL,NULL,NULL,5,images/WII-0127.jpg,MLB Superstars,NULL,NULL,NULL,NULL
NULL,WII-0135,3,NULL,NULL,NULL,NULL,5,images/WII-0135.jpg,Winter Sports The Great Tournament 2010,NULL,NULL,NULL,NULL
NULL,WII-0141,3,NULL,NULL,NULL,NULL,5,images/WII-0141.jpg,Winter Sports The Great Tournament 2009,NULL,NULL,NULL,NULL
NULL,WII-0142,3,NULL,NULL,NULL,NULL,5,images/WII-0142.jpg,Super Swing Golf 2,NULL,NULL,NULL,NULL
NULL,WII-0163,3,NULL,NULL,NULL,NULL,5,images/WII-0163.jpg,Kidz Sports Basketball,NULL,NULL,NULL,NULL
NULL,WII-0166,3,NULL,NULL,NULL,NULL,5,images/WII-0166.jpg,Major League Baseball 2K8,NULL,NULL,NULL,NULL
NULL,WII-0172,3,NULL,NULL,NULL,NULL,5,images/WII-0172.jpg,Kidz Sports Ice Hockey,NULL,NULL,NULL,NULL
NULL,WII-0194,3,NULL,NULL,NULL,NULL,5,images/WII-0194.jpg,Sega Bass Fishing,NULL,NULL,NULL,NULL
NULL,WII-0195,3,NULL,NULL,NULL,NULL,5,images/WII-0195.jpg,Kidz Sports International Football,NULL,NULL,NULL,NULL
NULL,WII-0196,3,NULL,NULL,NULL,NULL,5,images/WII-0196.jpg,My Fitness Coach,NULL,NULL,NULL,NULL
NULL,WII-0197,3,NULL,NULL,NULL,NULL,5,images/WII-0197.jpg,Skate City Heroes,NULL,NULL,NULL,NULL
NULL,WII-0204,3,NULL,NULL,NULL,NULL,5,images/WII-0204.jpg,Cabela's Big Game Hunter,NULL,NULL,NULL,NULL
NULL,WII-0242,3,NULL,NULL,NULL,NULL,5,images/WII-0242.jpg,Championship Foosball,NULL,NULL,NULL,NULL
NULL,WII-0243,3,NULL,NULL,NULL,NULL,5,images/WII-0243.jpg,Beach Fun,NULL,NULL,NULL,NULL
NULL,WII-0258,3,NULL,NULL,NULL,NULL,5,images/WII-0258.jpg,Fishing Master World Tour,NULL,NULL,NULL,NULL
NULL,WII-0259,3,NULL,NULL,NULL,NULL,5,images/WII-0259.jpg,RTL Biathlon 2009,NULL,NULL,NULL,NULL
NULL,WII-0260,3,NULL,NULL,NULL,NULL,5,images/WII-0260.jpg,Deer Drive,NULL,NULL,NULL,NULL
NULL,WII-0261,3,NULL,NULL,NULL,NULL,5,images/WII-0261.jpg,Ski and Shoot,NULL,NULL,NULL,NULL
NULL,WII-0265,3,NULL,NULL,NULL,NULL,5,images/WII-0265.jpg,Little League Baseball 2008,NULL,NULL,NULL,NULL
NULL,WII-0273,3,NULL,NULL,NULL,NULL,5,images/WII-0273.jpg,The Bigs 2 Baseball,NULL,NULL,NULL,NULL
NULL,WII-0290,3,NULL,NULL,NULL,NULL,5,images/WII-0290.jpg,Line Rider  Freestyle,NULL,NULL,NULL,NULL
NULL,WII-0294,3,NULL,NULL,NULL,NULL,5,images/WII-0294.jpg,Family Ski and Snowboard,NULL,NULL,NULL,NULL
NULL,WII-0300,3,NULL,NULL,NULL,NULL,5,images/WII-0300.jpg,Daisy Fuentes Pilates,NULL,NULL,NULL,NULL
NULL,WII-0301,3,NULL,NULL,NULL,NULL,5,images/WII-0301.jpg,Ashes Cricket 2009,NULL,NULL,NULL,NULL
NULL,WII-0313,3,NULL,NULL,NULL,NULL,5,images/WII-0313.jpg,Madden NFL 10,NULL,NULL,NULL,NULL
NULL,WII-0317,3,NULL,NULL,NULL,NULL,5,images/WII-0317.jpg,Baseball 2K9,NULL,NULL,NULL,NULL
NULL,WII-0328,3,NULL,NULL,NULL,NULL,5,images/WII-0328.jpg,PES Pro Evolution Soccer 2008,NULL,NULL,NULL,NULL
NULL,WII-0331,3,NULL,NULL,NULL,NULL,5,images/WII-0331.jpg,PES Pro Evolution Soccer 2009,NULL,NULL,NULL,NULL
NULL,WII-0332,3,NULL,NULL,NULL,NULL,5,images/WII-0332.jpg,Real Madrid,NULL,NULL,NULL,NULL
NULL,WII-0341,3,NULL,NULL,NULL,NULL,5,images/WII-0341.jpg,Academy of Champions Football,NULL,NULL,NULL,NULL
NULL,WII-0345,3,NULL,NULL,NULL,NULL,5,images/WII-0345.jpg,Cabela's Outdoor Adventures,NULL,NULL,NULL,NULL
NULL,WII-0348,3,NULL,NULL,NULL,NULL,5,images/WII-0348.jpg,Reel Fishing,NULL,NULL,NULL,NULL
NULL,WII-0349,3,NULL,NULL,NULL,NULL,5,images/WII-0349.jpg,Baseball Wii,NULL,NULL,NULL,NULL
NULL,WII-0351,3,NULL,NULL,NULL,NULL,5,images/WII-0351.jpg,City Sports,NULL,NULL,NULL,NULL
NULL,WII-0353,3,NULL,NULL,NULL,NULL,5,images/WII-0353.jpg,NHL 2K10,NULL,NULL,NULL,NULL
NULL,WII-0354,3,NULL,NULL,NULL,NULL,5,images/WII-0354.jpg,Backyard Baseball 10,NULL,NULL,NULL,NULL
NULL,WII-0356,3,NULL,NULL,NULL,NULL,5,images/WII-0356.jpg,New u Fitness First,NULL,NULL,NULL,NULL
NULL,WII-0368,3,NULL,NULL,NULL,NULL,5,images/WII-0368.jpg,FIFA 10,NULL,NULL,NULL,NULL
NULL,WII-0371,3,NULL,NULL,NULL,NULL,5,images/WII-0371.jpg,Baseball Blast!,NULL,NULL,NULL,NULL
NULL,WII-0376,3,NULL,NULL,NULL,NULL,5,images/WII-0376.jpg,Rapala We Fish,NULL,NULL,NULL,NULL
NULL,WII-0379,3,NULL,NULL,NULL,NULL,5,images/WII-0379.jpg,Cabela's Big Game Hunter 2010,NULL,NULL,NULL,NULL
NULL,WII-0387,3,NULL,NULL,NULL,NULL,5,images/WII-0387.jpg,Big Catch Bass Fishing,NULL,NULL,NULL,NULL
NULL,WII-0389,3,NULL,NULL,NULL,NULL,5,images/WII-0389.jpg,Free Running,NULL,NULL,NULL,NULL
NULL,WII-0394,3,NULL,NULL,NULL,NULL,5,images/WII-0394.jpg,Party Pigs Farmyard,NULL,NULL,NULL,NULL
NULL,WII-0397,3,NULL,NULL,NULL,NULL,5,images/WII-0397.jpg,Family Fun Football,NULL,NULL,NULL,NULL
NULL,WII-0398,3,NULL,NULL,NULL,NULL,5,images/WII-0398.jpg,Jillian Michaels Fitness 2010,NULL,NULL,NULL,NULL
NULL,WII-0401,3,NULL,NULL,NULL,NULL,5,images/WII-0401.png,Tony Hawk's Ride,NULL,NULL,NULL,NULL
NULL,WII-0406,3,NULL,NULL,NULL,NULL,5,images/WII-0406.jpg,Backyard Football 10,NULL,NULL,NULL,NULL
NULL,WII-0414,3,NULL,NULL,NULL,NULL,5,images/WII-0414.jpg,Pirates vs Ninjas ,NULL,NULL,NULL,NULL
NULL,WII-0422,3,NULL,NULL,NULL,NULL,5,images/WII-0422.jpg,Mario and Sonic At the Olympic games,NULL,NULL,NULL,NULL
NULL,WII-0440,3,NULL,NULL,NULL,NULL,5,images/WII-0440.jpg,Shimano Extreme Fishing,NULL,NULL,NULL,NULL
NULL,WII-0444,3,NULL,NULL,NULL,NULL,5,images/WII-0444.jpg,Water Sports,NULL,NULL,NULL,NULL
NULL,WII-0445,3,NULL,NULL,NULL,NULL,5,images/WII-0445.jpg,Mountain Sports,NULL,NULL,NULL,NULL
NULL,WII-0466,3,NULL,NULL,NULL,NULL,5,images/WII-0466.jpg,Baseball 2K10,NULL,NULL,NULL,NULL
NULL,WII-0470,3,NULL,NULL,NULL,NULL,5,images/WII-0470.png,Triple Crown Championship Snowboarding,NULL,NULL,NULL,NULL
NULL,WII-0483,3,NULL,NULL,NULL,NULL,5,images/WII-0483.jpg,ShaunWhite Snowboarding World Stage,NULL,NULL,NULL,NULL
NULL,WII-0485,3,NULL,NULL,NULL,NULL,5,images/WII-0485.jpg,NBA 2K10,NULL,NULL,NULL,NULL
NULL,WII-0487,3,NULL,NULL,NULL,NULL,5,images/WII-0487.jpg,Winter Sports The Great Tournament 2010,NULL,NULL,NULL,NULL
NULL,WII-0488,3,NULL,NULL,NULL,NULL,5,images/WII-0488.png,Step to the Beat,NULL,NULL,NULL,NULL
NULL,WII-0489,3,NULL,NULL,NULL,NULL,5,images/WII-0489.jpg,Ultimate  Hoops Challenge,NULL,NULL,NULL,NULL
NULL,WII-0491,3,NULL,NULL,NULL,NULL,5,images/WII-0491.jpg,Cabela's Monster Buck Hunter,NULL,NULL,NULL,NULL
NULL,WII-0494,3,NULL,NULL,NULL,NULL,5,images/WII-0494.jpg,FIFA 2010 South Africa World Cup,NULL,NULL,NULL,NULL
NULL,WII-0498,3,NULL,NULL,NULL,NULL,5,images/WII-0498.jpg,Team Elimination Games,NULL,NULL,NULL,NULL
NULL,WII-0499,3,NULL,NULL,NULL,NULL,5,images/WII-0499.jpg,Foot 2 Rue,NULL,NULL,NULL,NULL
NULL,WII-0500,3,NULL,NULL,NULL,NULL,5,images/WII-0500.jpg,PES Pro Evolution Soccer 2010,NULL,NULL,NULL,NULL
NULL,WII-0551,3,NULL,NULL,NULL,NULL,5,images/WII-0551.png,Winning Eleven Play Maker 2010,NULL,NULL,NULL,NULL
NULL,WII-0555,3,NULL,NULL,NULL,NULL,5,images/WII-0555.jpg,Fantastic Football Fan Party,NULL,NULL,NULL,NULL
NULL,WII-0556,3,NULL,NULL,NULL,NULL,5,images/WII-0556.jpg,Backyard Sports Sandlot Sluggers,NULL,NULL,NULL,NULL
NULL,WII-0560,3,NULL,NULL,NULL,NULL,5,images/WII-0560.jpg,The Hunt Trophy Showdown,NULL,NULL,NULL,NULL
NULL,WII-0570,3,NULL,NULL,NULL,NULL,5,images/WII-0570.jpg,Get Moving Family Fitness,NULL,NULL,NULL,NULL
NULL,WII-0604,3,NULL,NULL,NULL,NULL,5,images/WII-0604.jpg,Little League Baseball Double Play,NULL,NULL,NULL,NULL
NULL,WII-0608,3,NULL,NULL,NULL,NULL,5,images/WII-0608.jpg,Madden NFL 11,NULL,NULL,NULL,NULL
NULL,WII-0617,3,NULL,NULL,NULL,NULL,5,images/WII-0617.jpg,NHL 2K11,NULL,NULL,NULL,NULL
NULL,WII-0629,3,NULL,NULL,NULL,NULL,5,images/WII-0629.jpg,NHL Slapshot,NULL,NULL,NULL,NULL
NULL,WII-0640,3,NULL,NULL,NULL,NULL,5,images/WII-0640.jpg,Cabela's North American Adventures,NULL,NULL,NULL,NULL
NULL,WII-0643,3,NULL,NULL,NULL,NULL,5,images/WII-0643.jpg,Deer Drive,NULL,NULL,NULL,NULL
NULL,WII-0646,3,NULL,NULL,NULL,NULL,5,images/WII-0646.jpg,FIFA 11,NULL,NULL,NULL,NULL
NULL,WII-0651,3,NULL,NULL,NULL,NULL,5,images/WII-0651.jpg,NBA JAM,NULL,NULL,NULL,NULL
NULL,WII-0653,3,NULL,NULL,NULL,NULL,5,images/WII-0653.jpg,Rapala Pro Bass Fishing,NULL,NULL,NULL,NULL
NULL,WII-0655,3,NULL,NULL,NULL,NULL,5,images/WII-0655.jpg,Winter Sports 3,NULL,NULL,NULL,NULL
NULL,WII-0657,3,NULL,NULL,NULL,NULL,5,images/WII-0657.jpg,Your Shape,NULL,NULL,NULL,NULL
NULL,WII-0672,3,NULL,NULL,NULL,NULL,5,images/WII-0672.jpg,Yeti Sports ,NULL,NULL,NULL,NULL
NULL,WII-0676,3,NULL,NULL,NULL,NULL,5,images/WII-0676.jpg,Hooked Again,NULL,NULL,NULL,NULL
NULL,WII-0679,3,NULL,NULL,NULL,NULL,5,images/WII-0679.jpg,Crazy Mini Golf 2,NULL,NULL,NULL,NULL
NULL,WII-0680,3,NULL,NULL,NULL,NULL,5,images/WII-0680.png,My Fitness Coach 2,NULL,NULL,NULL,NULL
NULL,WII-0685,3,NULL,NULL,NULL,NULL,5,images/WII-0685.jpg,Wii Sports ,NULL,NULL,NULL,NULL
NULL,WII-0687,3,NULL,NULL,NULL,NULL,5,images/WII-0687.jpg,Madden NFL 07,NULL,NULL,NULL,NULL
NULL,WII-0689,3,NULL,NULL,NULL,NULL,5,images/WII-0689.jpg,Backyard Sports Rookie Rush,NULL,NULL,NULL,NULL
NULL,WII-0693,3,NULL,NULL,NULL,NULL,5,images/WII-0693.jpg,Sled Shred,NULL,NULL,NULL,NULL
NULL,WII-0697,3,NULL,NULL,NULL,NULL,5,images/WII-0697.jpg,PES Pro Evolution Soccer 2011,NULL,NULL,NULL,NULL
NULL,WII-0702,3,NULL,NULL,NULL,NULL,5,images/WII-0702.png,Canada Hunt,NULL,NULL,NULL,NULL
NULL,WII-0704,3,NULL,NULL,NULL,NULL,5,images/WII-0704.jpg,Tony Hawk's Shred Big Air!,NULL,NULL,NULL,NULL
NULL,WII-0715,3,NULL,NULL,NULL,NULL,5,images/WII-0715.jpg,Kid Fit Istalnd Resort,NULL,NULL,NULL,NULL
NULL,WII-0743,3,NULL,NULL,NULL,NULL,5,images/WII-0743.jpg,Cabela's Trophy Bucks,NULL,NULL,NULL,NULL
NULL,WII-0749,3,NULL,NULL,NULL,NULL,5,images/WII-0749.jpg,Mel B,NULL,NULL,NULL,NULL
NULL,WII-0752,3,NULL,NULL,NULL,NULL,5,images/WII-0752.jpg,Big Beach Sports,NULL,NULL,NULL,NULL
NULL,WII-0753,3,NULL,NULL,NULL,NULL,5,images/WII-0753.jpg,Backyard Baseball 09,NULL,NULL,NULL,NULL
NULL,WII-0762,3,NULL,NULL,NULL,NULL,5,images/WII-0762.jpg,Nickelodeon Fit,NULL,NULL,NULL,NULL
NULL,WII-0765,3,NULL,NULL,NULL,NULL,5,images/WII-0765.png,Gummy Bears Mini Golf,NULL,NULL,NULL,NULL
NULL,WII-0767,3,NULL,NULL,NULL,NULL,5,images/WII-0767.jpg,We Love Golf!,NULL,NULL,NULL,NULL
NULL,WII-0768,3,NULL,NULL,NULL,NULL,5,images/WII-0768.jpg,Remington Super Slam Hunting North America,NULL,NULL,NULL,NULL
NULL,WII-0772,3,NULL,NULL,NULL,NULL,5,images/WII-0772.jpg,Cabela's Dangerous Hunts 20,NULL,NULL,NULL,NULL
NULL,WII-0773,3,NULL,NULL,NULL,NULL,5,images/WII-0773.jpg,NCAA Football 09,NULL,NULL,NULL,NULL
NULL,WII-0777,3,NULL,NULL,NULL,NULL,5,images/WII-0777.jpeg,Winter sports 2011,NULL,NULL,NULL,NULL
NULL,WII-0791,3,NULL,NULL,NULL,NULL,5,images/WII-0791.jpg,Zumba Fitness,NULL,NULL,NULL,NULL
NULL,WII-0792,3,NULL,NULL,NULL,NULL,5,images/WII-0792.gif,Shawn Johnson Gymnastics,NULL,NULL,NULL,NULL
NULL,WII-0794,3,NULL,NULL,NULL,NULL,5,images/WII-0794.gif,MLB Power Pros 2008,NULL,NULL,NULL,NULL
NULL,WII-0795,3,NULL,NULL,NULL,NULL,5,images/WII-0795.jpg,Kevin Van Dam Big Bass,NULL,NULL,NULL,NULL
NULL,WII-0797,3,NULL,NULL,NULL,NULL,5,images/WII-0797.jpg,Table Football,NULL,NULL,NULL,NULL
NULL,WII-0800,3,NULL,NULL,NULL,NULL,5,images/WII-0800.jpg,Pheasants Forever Wingshooter,NULL,NULL,NULL,NULL
NULL,WII-0803,3,NULL,NULL,NULL,NULL,5,images/WII-0803.jpg,Little League Baseball 2008,NULL,NULL,NULL,NULL
NULL,WII-0804,3,NULL,NULL,NULL,NULL,5,images/WII-0804.jpg,Madden NFL 09 All Play,NULL,NULL,NULL,NULL
NULL,WII-0807,3,NULL,NULL,NULL,NULL,5,images/WII-0807.jpg,Tiger Woods PGA Tour 09 All Play,NULL,NULL,NULL,NULL
NULL,WII-0813,3,NULL,NULL,NULL,NULL,5,images/WII-0813.jpg,King of Clubs  Mini Golf,NULL,NULL,NULL,NULL
NULL,WII-0823,3,NULL,NULL,NULL,NULL,5,images/WII-0823.jpg,Fish Frenzy,NULL,NULL,NULL,NULL
NULL,WII-0828,3,NULL,NULL,NULL,NULL,5,images/WII-0828.jpg,Cabela's Legendary Adventures,NULL,NULL,NULL,NULL
NULL,WII-0829,3,NULL,NULL,NULL,NULL,5,images/WII-0829.jpg,Baseball 2K11,NULL,NULL,NULL,NULL
NULL,WII-0831,3,NULL,NULL,NULL,NULL,5,images/WII-0831.jpg,Asterisk en los Juegos Olimpicos,NULL,NULL,NULL,NULL
NULL,WII-0836,3,NULL,NULL,NULL,NULL,5,images/WII-0836.jpg,NHL 2K9,NULL,NULL,NULL,NULL
NULL,WII-0844,3,NULL,NULL,NULL,NULL,5,images/WII-0844.jpg,Cabela's Dangerous Hunts 2009,NULL,NULL,NULL,NULL
NULL,WII-0849,3,NULL,NULL,NULL,NULL,5,images/WII-0849.png,Kidz Sports Crazy Golf,NULL,NULL,NULL,NULL
NULL,WII-0853,3,NULL,NULL,NULL,NULL,5,images/WII-0853.jpg,NFL Training Camp,NULL,NULL,NULL,NULL
NULL,WII-0864,3,NULL,NULL,NULL,NULL,5,images/WII-0864.jpg,AFL,NULL,NULL,NULL,NULL
NULL,WII-0868,3,NULL,NULL,NULL,NULL,5,images/WII-0868.jpg,G1 Jockey Wii 2008,NULL,NULL,NULL,NULL
NULL,WII-0870,3,NULL,NULL,NULL,NULL,5,images/WII-0870.jpg,Line Rider Unbound 2,NULL,NULL,NULL,NULL
NULL,WII-0022,10,NULL,NULL,NULL,NULL,5,images/WII-0022.jpg,Bob the Builder,NULL,NULL,NULL,NULL
NULL,WII-0087,10,NULL,NULL,NULL,NULL,5,images/WII-0087.jpg,Goosebumps Horror Land,NULL,NULL,NULL,NULL
NULL,WII-0188,10,NULL,NULL,NULL,NULL,5,images/WII-0188.jpg,Pimp My Ride,NULL,NULL,NULL,NULL
NULL,WII-0216,10,NULL,NULL,NULL,NULL,5,images/WII-0216.jpg,Worms A space Oddity,NULL,NULL,NULL,NULL
NULL,WII-0232,10,NULL,NULL,NULL,NULL,5,images/WII-0232.jpg,Six Flags Fun Park,NULL,NULL,NULL,NULL
NULL,WII-0272,10,NULL,NULL,NULL,NULL,5,images/WII-0272.jpg,Hysteria Hospital,NULL,NULL,NULL,NULL
NULL,WII-0277,10,NULL,NULL,NULL,NULL,5,images/WII-0277.jpg,Off Shore,NULL,NULL,NULL,NULL
NULL,WII-0322,10,NULL,NULL,NULL,NULL,5,images/WII-0322.jpg,Phamtom Brave,NULL,NULL,NULL,NULL
NULL,WII-0350,10,NULL,NULL,NULL,NULL,5,images/WII-0350.jpg,Fritz,NULL,NULL,NULL,NULL
NULL,WII-0408,10,NULL,NULL,NULL,NULL,5,images/WII-0408.jpg,The Secret Saturdays Beasts of the 5th Sun,NULL,NULL,NULL,NULL
NULL,WII-0417,10,NULL,NULL,NULL,NULL,5,images/WII-0417.jpg,Dawn of Discovery,NULL,NULL,NULL,NULL
NULL,WII-0492,10,NULL,NULL,NULL,NULL,5,images/WII-0492.jpg,City Builder,NULL,NULL,NULL,NULL
NULL,WII-0648,10,NULL,NULL,NULL,NULL,5,images/WII-0648.jpeg,Pirates ,NULL,NULL,NULL,NULL
NULL,WII-0746,10,NULL,NULL,NULL,NULL,5,images/WII-0746.jpg,Worms Battle Islands,NULL,NULL,NULL,NULL
NULL,WII-0756,10,NULL,NULL,NULL,NULL,5,images/WII-0756.jpg,Harvest Moon Animal Parade,NULL,NULL,NULL,NULL
NULL,WII-0761,10,NULL,NULL,NULL,NULL,5,images/WII-0761.jpg,Harvest Moon Magical Melody,NULL,NULL,NULL,NULL
NULL,WII-0835,10,NULL,NULL,NULL,NULL,5,images/WII-0835.jpg,Defendin de Penguin,NULL,NULL,NULL,NULL
NULL,WII-0876,10,NULL,NULL,NULL,NULL,5,images/WII-0876.png,Sim City Creator,NULL,NULL,NULL,NULL
NULL,WII-0007,11,NULL,NULL,NULL,NULL,5,images/WII-0007.jpg,Gummy Bears Megical Medallion,NULL,NULL,NULL,NULL
NULL,WII-0020,11,NULL,NULL,NULL,NULL,5,images/WII-0020.jpg,Madagascar 2,NULL,NULL,NULL,NULL
NULL,WII-0032,11,NULL,NULL,NULL,NULL,5,images/WII-0032.jpg,Shrek's Carnival Craze,NULL,NULL,NULL,NULL
NULL,WII-0034,11,NULL,NULL,NULL,NULL,5,images/WII-0034.jpg,Kung Fu Panda Legendary Warriors,NULL,NULL,NULL,NULL
NULL,WII-0047,11,NULL,NULL,NULL,NULL,5,images/WII-0047.jpg,Cosmic Family,NULL,NULL,NULL,NULL
NULL,WII-0053,11,NULL,NULL,NULL,NULL,5,images/WII-0053.jpg,Army Men Soldiers of Misfortune,NULL,NULL,NULL,NULL
NULL,WII-0057,11,NULL,NULL,NULL,NULL,5,images/WII-0057.jpg,Happy Feet,NULL,NULL,NULL,NULL
NULL,WII-0059,11,NULL,NULL,NULL,NULL,5,images/WII-0059.jpg,Bratz Girlz Rock,NULL,NULL,NULL,NULL
NULL,WII-0067,11,NULL,NULL,NULL,NULL,5,images/WII-0067.jpg,Dewy's Adventure,NULL,NULL,NULL,NULL
NULL,WII-0074,11,NULL,NULL,NULL,NULL,5,images/WII-0074.jpg,Bratz,NULL,NULL,NULL,NULL
NULL,WII-0082,11,NULL,NULL,NULL,NULL,5,images/WII-0082.jpg,Shrek The Third,NULL,NULL,NULL,NULL
NULL,WII-0086,11,NULL,NULL,NULL,NULL,5,images/WII-0086.jpg,Ratatouille,NULL,NULL,NULL,NULL
NULL,WII-0091,11,NULL,NULL,NULL,NULL,5,images/WII-0091.jpg,Dora Saves the Snow Princess,NULL,NULL,NULL,NULL
NULL,WII-0098,11,NULL,NULL,NULL,NULL,5,images/WII-0098.jpg,Star Wars The Complete Saga,NULL,NULL,NULL,NULL
NULL,WII-0111,11,NULL,NULL,NULL,NULL,5,images/WII-0111.jpg,Barbie Horse Adventures Riding Camp,NULL,NULL,NULL,NULL
NULL,WII-0114,11,NULL,NULL,NULL,NULL,5,images/WII-0114.jpg,My Word Coach,NULL,NULL,NULL,NULL
NULL,WII-0146,11,NULL,NULL,NULL,NULL,5,images/WII-0146.jpg,Barbie La Princesa de los Animales,NULL,NULL,NULL,NULL
NULL,WII-0169,11,NULL,NULL,NULL,NULL,5,images/WII-0169.jpg,Action Girlz Racing,NULL,NULL,NULL,NULL
NULL,WII-0174,11,NULL,NULL,NULL,NULL,5,images/WII-0174.jpg,The Grim Adventures of Mandy and Mandy,NULL,NULL,NULL,NULL
NULL,WII-0179,11,NULL,NULL,NULL,NULL,5,images/WII-0179.jpg,Animal Crossing,NULL,NULL,NULL,NULL
NULL,WII-0181,11,NULL,NULL,NULL,NULL,5,images/WII-0181.jpg,Bratz Kidz,NULL,NULL,NULL,NULL
NULL,WII-0200,11,NULL,NULL,NULL,NULL,5,images/WII-0200.jpg,George of the Jungle,NULL,NULL,NULL,NULL
NULL,WII-0213,11,NULL,NULL,NULL,NULL,5,images/WII-0213.jpg,UP!,NULL,NULL,NULL,NULL
NULL,WII-0236,11,NULL,NULL,NULL,NULL,5,images/WII-0236.jpg,Bolt,NULL,NULL,NULL,NULL
NULL,WII-0255,11,NULL,NULL,NULL,NULL,5,images/WII-0255.jpg,Ice Age 3,NULL,NULL,NULL,NULL
NULL,WII-0256,11,NULL,NULL,NULL,NULL,5,images/WII-0256.jpg,Hugo Agent Hula Holiday,NULL,NULL,NULL,NULL
NULL,WII-0283,11,NULL,NULL,NULL,NULL,5,images/WII-0283.jpg,Gforce,NULL,NULL,NULL,NULL
NULL,WII-0298,11,NULL,NULL,NULL,NULL,5,images/WII-0298.jpg,Aliens in the Attic,NULL,NULL,NULL,NULL
NULL,WII-0304,11,NULL,NULL,NULL,NULL,5,images/WII-0304.jpg,Story Hour Fairy Tales,NULL,NULL,NULL,NULL
NULL,WII-0305,11,NULL,NULL,NULL,NULL,5,images/WII-0305.jpg,Story Hour Adventures,NULL,NULL,NULL,NULL
NULL,WII-0326,11,NULL,NULL,NULL,NULL,5,images/WII-0326.jpg,Spongebob's Attlantis Squarepantis,NULL,NULL,NULL,NULL
NULL,WII-0329,11,NULL,NULL,NULL,NULL,5,images/WII-0329.jpg,Spongebob's Truth of Square,NULL,NULL,NULL,NULL
NULL,WII-0335,11,NULL,NULL,NULL,NULL,5,images/WII-0335.jpg,The Ant Bully,NULL,NULL,NULL,NULL
NULL,WII-0336,11,NULL,NULL,NULL,NULL,5,images/WII-0336.jpg,Ice Age 2,NULL,NULL,NULL,NULL
NULL,WII-0343,11,NULL,NULL,NULL,NULL,5,images/WII-0343.jpg,Meet the Robinsons,NULL,NULL,NULL,NULL
NULL,WII-0352,11,NULL,NULL,NULL,NULL,5,images/WII-0352.jpg,Cloudy Meat Balls,NULL,NULL,NULL,NULL
NULL,WII-0355,11,NULL,NULL,NULL,NULL,5,images/WII-0355.jpg,Monsters vs Aliens,NULL,NULL,NULL,NULL
NULL,WII-0367,11,NULL,NULL,NULL,NULL,5,images/WII-0367.jpg,Scooby Doo! First Frights,NULL,NULL,NULL,NULL
NULL,WII-0370,11,NULL,NULL,NULL,NULL,5,images/WII-0370.jpg,Princess on Ice,NULL,NULL,NULL,NULL
NULL,WII-0382,11,NULL,NULL,NULL,NULL,5,images/WII-0382.jpg,Looney Tunes Acme Arsenal,NULL,NULL,NULL,NULL
NULL,WII-0384,11,NULL,NULL,NULL,NULL,5,images/WII-0384.jpg,Bee,NULL,NULL,NULL,NULL
NULL,WII-0396,11,NULL,NULL,NULL,NULL,5,images/WII-0396.jpg,Clever Kids,NULL,NULL,NULL,NULL
NULL,WII-0399,11,NULL,NULL,NULL,NULL,5,images/WII-0399.jpg,Donde Viven los Monstruos,NULL,NULL,NULL,NULL
NULL,WII-0405,11,NULL,NULL,NULL,NULL,5,images/WII-0405.jpg,Bakugan,NULL,NULL,NULL,NULL
NULL,WII-0413,11,NULL,NULL,NULL,NULL,5,images/WII-0413.jpg,Fantasy Aquarium World,NULL,NULL,NULL,NULL
NULL,WII-0432,11,NULL,NULL,NULL,NULL,5,images/WII-0432.jpg,I Carly,NULL,NULL,NULL,NULL
NULL,WII-0435,11,NULL,NULL,NULL,NULL,5,images/WII-0435.jpg,Shrek Forever After,NULL,NULL,NULL,NULL
NULL,WII-0456,11,NULL,NULL,NULL,NULL,5,images/WII-0456.jpg,Planet 51,NULL,NULL,NULL,NULL
NULL,WII-0472,11,NULL,NULL,NULL,NULL,5,images/WII-0472.jpg,Barbie Y las Tres Mosqueteras,NULL,NULL,NULL,NULL
NULL,WII-0473,11,NULL,NULL,NULL,NULL,5,images/WII-0473.jpg,Dora Saves the Crystal Kingdom,NULL,NULL,NULL,NULL
NULL,WII-0475,11,NULL,NULL,NULL,NULL,5,images/WII-0475.jpg,Super Game Day,NULL,NULL,NULL,NULL
NULL,WII-0476,11,NULL,NULL,NULL,NULL,5,images/WII-0476.gif,Ben 10 Vilgax Attacks,NULL,NULL,NULL,NULL
NULL,WII-0480,11,NULL,NULL,NULL,NULL,5,images/WII-0480.jpg,How to Train Your Dragon,NULL,NULL,NULL,NULL
NULL,WII-0495,11,NULL,NULL,NULL,NULL,5,images/WII-0495.jpg,Circus,NULL,NULL,NULL,NULL
NULL,WII-0563,11,NULL,NULL,NULL,NULL,5,images/WII-0563.jpg,Vamos al Circo,NULL,NULL,NULL,NULL
NULL,WII-0565,11,NULL,NULL,NULL,NULL,5,images/WII-0565.jpg,The Princess and the Frog,NULL,NULL,NULL,NULL
NULL,WII-0568,11,NULL,NULL,NULL,NULL,5,images/WII-0568.jpg,Indiana Jones 2 Lego,NULL,NULL,NULL,NULL
NULL,WII-0580,11,NULL,NULL,NULL,NULL,5,images/WII-0580.jpg,Harry Potter Lego,NULL,NULL,NULL,NULL
NULL,WII-0592,11,NULL,NULL,NULL,NULL,5,images/WII-0592.jpg,Despicable Me,NULL,NULL,NULL,NULL
NULL,WII-0593,11,NULL,NULL,NULL,NULL,5,images/WII-0593.jpg,Hugo,NULL,NULL,NULL,NULL
NULL,WII-0611,11,NULL,NULL,NULL,NULL,5,images/WII-0611.jpg,Princess Lillifee's Magic Fairy,NULL,NULL,NULL,NULL
NULL,WII-0624,11,NULL,NULL,NULL,NULL,5,images/WII-0624.jpeg,Gormiti,NULL,NULL,NULL,NULL
NULL,WII-0627,11,NULL,NULL,NULL,NULL,5,images/WII-0627.jpg,Horrid Henry,NULL,NULL,NULL,NULL
NULL,WII-0628,11,NULL,NULL,NULL,NULL,5,images/WII-0628.jpg,Arthur,NULL,NULL,NULL,NULL
NULL,WII-0631,11,NULL,NULL,NULL,NULL,5,images/WII-0631.jpg,Legend of the Guardians,NULL,NULL,NULL,NULL
NULL,WII-0632,11,NULL,NULL,NULL,NULL,5,images/WII-0632.jpg,Scooby Doo! And the Spooky Swamp,NULL,NULL,NULL,NULL
NULL,WII-0636,11,NULL,NULL,NULL,NULL,5,images/WII-0636.jpg,Peppa Pig,NULL,NULL,NULL,NULL
NULL,WII-0637,11,NULL,NULL,NULL,NULL,5,images/WII-0637.jpg,Bob Esponja Atrapados en el Congelador,NULL,NULL,NULL,NULL
NULL,WII-0652,11,NULL,NULL,NULL,NULL,5,images/WII-0652.jpg,Circus Playmobil,NULL,NULL,NULL,NULL
NULL,WII-0670,11,NULL,NULL,NULL,NULL,5,images/WII-0670.jpg,Jump Start Escape from Adventure Island,NULL,NULL,NULL,NULL
NULL,WII-0675,11,NULL,NULL,NULL,NULL,5,images/WII-0675.jpg,Dream salon,NULL,NULL,NULL,NULL
NULL,WII-0682,11,NULL,NULL,NULL,NULL,5,images/WII-0682.png,Sesame Street Counting Carnival,NULL,NULL,NULL,NULL
NULL,WII-0694,11,NULL,NULL,NULL,NULL,5,images/WII-0694.jpg,Sesame Street Elmo's A to Zoo Adventure,NULL,NULL,NULL,NULL
NULL,WII-0701,11,NULL,NULL,NULL,NULL,5,images/WII-0701.jpg,Peppa Pig Fun and Games,NULL,NULL,NULL,NULL
NULL,WII-0707,11,NULL,NULL,NULL,NULL,5,images/WII-0707.jpg,Bakugan Defenders of the Core,NULL,NULL,NULL,NULL
NULL,WII-0709,11,NULL,NULL,NULL,NULL,5,images/WII-0709.jpg,Dora's Birthday Adventure,NULL,NULL,NULL,NULL
NULL,WII-0711,11,NULL,NULL,NULL,NULL,5,images/WII-0711.jpg,Megamind,NULL,NULL,NULL,NULL
NULL,WII-0733,11,NULL,NULL,NULL,NULL,5,images/WII-0733.jpg,Hugo Agent Lemoon Twist,NULL,NULL,NULL,NULL
NULL,WII-0744,11,NULL,NULL,NULL,NULL,5,images/WII-0744.jpg,Marvel Super Hero Squad,NULL,NULL,NULL,NULL
NULL,WII-0745,11,NULL,NULL,NULL,NULL,5,images/WII-0745.jpg,Barbie Y el Salon de Belleza para Mascotas,NULL,NULL,NULL,NULL
NULL,WII-0758,11,NULL,NULL,NULL,NULL,5,images/WII-0758.png,Rudolph,NULL,NULL,NULL,NULL
NULL,WII-0764,11,NULL,NULL,NULL,NULL,5,images/WII-0764.jpg,Tangled,NULL,NULL,NULL,NULL
NULL,WII-0771,11,NULL,NULL,NULL,NULL,5,images/WII-0771.jpg,Wonder World,NULL,NULL,NULL,NULL
NULL,WII-0781,11,NULL,NULL,NULL,NULL,5,images/WII-0781.jpg,Casper's Scare School,NULL,NULL,NULL,NULL
NULL,WII-0783,11,NULL,NULL,NULL,NULL,5,images/WII-0783.jpg,Wall E,NULL,NULL,NULL,NULL
NULL,WII-0793,11,NULL,NULL,NULL,NULL,5,images/WII-0793.jpg,El Oso Yogui,NULL,NULL,NULL,NULL
NULL,WII-0809,11,NULL,NULL,NULL,NULL,5,images/WII-0809.jpg,Once Upon a Time,NULL,NULL,NULL,NULL
NULL,WII-0817,11,NULL,NULL,NULL,NULL,5,images/WII-0817.jpg,Freddi Fish,NULL,NULL,NULL,NULL
NULL,WII-0822,11,NULL,NULL,NULL,NULL,5,images/WII-0822.png,Pajama Sam,NULL,NULL,NULL,NULL
NULL,WII-0825,11,NULL,NULL,NULL,NULL,5,images/WII-0825.jpg,Rango,NULL,NULL,NULL,NULL
NULL,WII-0826,11,NULL,NULL,NULL,NULL,5,images/WII-0826.jpg,Spy Fox,NULL,NULL,NULL,NULL
NULL,WII-0851,11,NULL,NULL,NULL,NULL,5,images/WII-0851.jpg,Spongebob Squigglepants,NULL,NULL,NULL,NULL
NULL,WII-0852,11,NULL,NULL,NULL,NULL,5,images/WII-0852.jpg,Igor,NULL,NULL,NULL,NULL
NULL,WII-0856,11,NULL,NULL,NULL,NULL,5,images/WII-0856.jpg,Batman Lego,NULL,NULL,NULL,NULL
NULL,WII-0867,11,NULL,NULL,NULL,NULL,5,images/WII-0867.jpg,Kunf Fu Panda 2,NULL,NULL,NULL,NULL
NULL,WII-0871,11,NULL,NULL,NULL,NULL,5,images/WII-0871.jpg,Reader Rabbit Kindergarten,NULL,NULL,NULL,NULL
NULL,WII-0872,11,NULL,NULL,NULL,NULL,5,images/WII-0872.jpg,Reader Rabbit Preschool,NULL,NULL,NULL,NULL
NULL,WII-0873,11,NULL,NULL,NULL,NULL,5,images/WII-0873.jpg,Reader Rabbit 1st Grade,NULL,NULL,NULL,NULL
NULL,WII-0874,11,NULL,NULL,NULL,NULL,5,images/WII-0874.jpg,Reader Rabbit 2nd Grade,NULL,NULL,NULL,NULL
NULL,WII-0875,11,NULL,NULL,NULL,NULL,5,images/WII-0875.jpg,Indiana Jones Lego,NULL,NULL,NULL,NULL
NULL,WII-0003,12,NULL,NULL,NULL,NULL,5,images/WII-0003.jpg,Just Dance Summer Party,NULL,NULL,NULL,NULL
NULL,WII-0017,12,NULL,NULL,NULL,NULL,5,images/WII-0017.jpg,Dancing with the Stars,NULL,NULL,NULL,NULL
NULL,WII-0045,12,NULL,NULL,NULL,NULL,5,images/WII-0045.jpg,Boogie,NULL,NULL,NULL,NULL
NULL,WII-0051,12,NULL,NULL,NULL,NULL,5,images/WII-0051.jpg,Dance Dance  Revolution Hottest Party,NULL,NULL,NULL,NULL
NULL,WII-0056,12,NULL,NULL,NULL,NULL,5,images/WII-0056.jpg,The Naked Brothers Band,NULL,NULL,NULL,NULL
NULL,WII-0061,12,NULL,NULL,NULL,NULL,5,images/WII-0061.jpg,Guitar Hero World Tour,NULL,NULL,NULL,NULL
NULL,WII-0068,12,NULL,NULL,NULL,NULL,5,images/WII-0068.jpg,Rock and Roll Adventures,NULL,NULL,NULL,NULL
NULL,WII-0085,12,NULL,NULL,NULL,NULL,5,images/WII-0085.jpg,High School Musical 3 Dance!,NULL,NULL,NULL,NULL
NULL,WII-0096,12,NULL,NULL,NULL,NULL,5,images/WII-0096.jpg,High School Musical Sing It!,NULL,NULL,NULL,NULL
NULL,WII-0106,12,NULL,NULL,NULL,NULL,5,images/WII-0106.jpg,Wii Music,NULL,NULL,NULL,NULL
NULL,WII-0136,12,NULL,NULL,NULL,NULL,5,images/WII-0136.jpg,Hannah Montana Spotlight World Tour,NULL,NULL,NULL,NULL
NULL,WII-0137,12,NULL,NULL,NULL,NULL,5,images/WII-0137.jpg,Ultimate Band,NULL,NULL,NULL,NULL
NULL,WII-0145,12,NULL,NULL,NULL,NULL,5,images/WII-0145.jpg,Alvin and The Chipmunks,NULL,NULL,NULL,NULL
NULL,WII-0158,12,NULL,NULL,NULL,NULL,5,images/WII-0158.jpg,Sing It!,NULL,NULL,NULL,NULL
NULL,WII-0210,12,NULL,NULL,NULL,NULL,5,images/WII-0210.jpg,Rock Band Classic Rock,NULL,NULL,NULL,NULL
NULL,WII-0212,12,NULL,NULL,NULL,NULL,5,images/WII-0212.jpg,Dj Hero,NULL,NULL,NULL,NULL
NULL,WII-0215,12,NULL,NULL,NULL,NULL,5,images/WII-0215.jpg,Dancing Stage Hottest Party,NULL,NULL,NULL,NULL
NULL,WII-0221,12,NULL,NULL,NULL,NULL,5,images/WII-0221.png,Guitar Hero Encode Rocks the 80s,NULL,NULL,NULL,NULL
NULL,WII-0239,12,NULL,NULL,NULL,NULL,5,images/WII-0239.jpg,Rock Band Pack 2,NULL,NULL,NULL,NULL
NULL,WII-0240,12,NULL,NULL,NULL,NULL,5,images/WII-0240.jpg,ACDC Live Rock Band,NULL,NULL,NULL,NULL
NULL,WII-0245,12,NULL,NULL,NULL,NULL,5,images/WII-0245.jpg,Guitar Hero Smash Hits,NULL,NULL,NULL,NULL
NULL,WII-0262,12,NULL,NULL,NULL,NULL,5,images/WII-0262.jpg,American Idol Encore 2,NULL,NULL,NULL,NULL
NULL,WII-0266,12,NULL,NULL,NULL,NULL,5,images/WII-0266.jpg,Rock Band 2,NULL,NULL,NULL,NULL
NULL,WII-0270,12,NULL,NULL,NULL,NULL,5,images/WII-0270.jpg,Sing It! High School Musical 3,NULL,NULL,NULL,NULL
NULL,WII-0276,12,NULL,NULL,NULL,NULL,5,images/WII-0276.jpg,Hannah Montana,NULL,NULL,NULL,NULL
NULL,WII-0292,12,NULL,NULL,NULL,NULL,5,images/WII-0292.jpg,Dance Party Pop Hits,NULL,NULL,NULL,NULL
NULL,WII-0297,12,NULL,NULL,NULL,NULL,5,images/WII-0297.jpg,Rock Band Country,NULL,NULL,NULL,NULL
NULL,WII-0302,12,NULL,NULL,NULL,NULL,5,images/WII-0302.jpg,Guitar Hero 3 Legends of Rock,NULL,NULL,NULL,NULL
NULL,WII-0311,12,NULL,NULL,NULL,NULL,5,images/WII-0311.jpg,American Idol Encore,NULL,NULL,NULL,NULL
NULL,WII-0312,12,NULL,NULL,NULL,NULL,5,images/WII-0312.jpg,Pop'n Music,NULL,NULL,NULL,NULL
NULL,WII-0318,12,NULL,NULL,NULL,NULL,5,images/WII-0318.jpg,Pop Star Guitar,NULL,NULL,NULL,NULL
NULL,WII-0337,12,NULL,NULL,NULL,NULL,5,images/WII-0337.jpg,Guitar Hero 5,NULL,NULL,NULL,NULL
NULL,WII-0363,12,NULL,NULL,NULL,NULL,5,images/WII-0363.jpg,Major  Minor's Mejestic March,NULL,NULL,NULL,NULL
NULL,WII-0369,12,NULL,NULL,NULL,NULL,5,images/WII-0369.jpg,We Rock Drum King,NULL,NULL,NULL,NULL
NULL,WII-0377,12,NULL,NULL,NULL,NULL,5,images/WII-0377.jpg,Rock Band Metal,NULL,NULL,NULL,NULL
NULL,WII-0392,12,NULL,NULL,NULL,NULL,5,images/WII-0392.jpg,Sing It! Pop Hits,NULL,NULL,NULL,NULL
NULL,WII-0395,12,NULL,NULL,NULL,NULL,5,images/WII-0395.png,Guitar Hero Megadeth,NULL,NULL,NULL,NULL
NULL,WII-0411,12,NULL,NULL,NULL,NULL,5,images/WII-0411.jpg,Guitar Hero Van Halen,NULL,NULL,NULL,NULL
NULL,WII-0419,12,NULL,NULL,NULL,NULL,5,images/WII-0419.jpg,Rock Band Lego,NULL,NULL,NULL,NULL
NULL,WII-0441,12,NULL,NULL,NULL,NULL,5,images/WII-0441.jpg,MusicFit,NULL,NULL,NULL,NULL
NULL,WII-0447,12,NULL,NULL,NULL,NULL,5,images/WII-0447.jpg,Karaoke Revolution,NULL,NULL,NULL,NULL
NULL,WII-0448,12,NULL,NULL,NULL,NULL,5,images/WII-0448.jpg,Band Hero,NULL,NULL,NULL,NULL
NULL,WII-0449,12,NULL,NULL,NULL,NULL,5,images/WII-0449.jpg,All Star Cheerleader,NULL,NULL,NULL,NULL
NULL,WII-0469,12,NULL,NULL,NULL,NULL,5,images/WII-0469.jpg,We Cheer 2,NULL,NULL,NULL,NULL
NULL,WII-0478,12,NULL,NULL,NULL,NULL,5,images/WII-0478.jpg,Dancing of Ice,NULL,NULL,NULL,NULL
NULL,WII-0481,12,NULL,NULL,NULL,NULL,5,images/WII-0481.jpg,U Sing,NULL,NULL,NULL,NULL
NULL,WII-0484,12,NULL,NULL,NULL,NULL,5,images/WII-0484.png,Guitar Hero Iron Maiden,NULL,NULL,NULL,NULL
NULL,WII-0554,12,NULL,NULL,NULL,NULL,5,images/WII-0554.jpg,Just Dance Feel the Bear,NULL,NULL,NULL,NULL
NULL,WII-0566,12,NULL,NULL,NULL,NULL,5,images/WII-0566.jpg,Rock Band Green Day,NULL,NULL,NULL,NULL
NULL,WII-0571,12,NULL,NULL,NULL,NULL,5,images/WII-0571.jpg,Let's Play Ballerina,NULL,NULL,NULL,NULL
NULL,WII-0575,12,NULL,NULL,NULL,NULL,5,images/WII-0575.jpg,U Sing Girls Night,NULL,NULL,NULL,NULL
NULL,WII-0577,12,NULL,NULL,NULL,NULL,5,images/WII-0577.jpg,Dance on Broadway,NULL,NULL,NULL,NULL
NULL,WII-0578,12,NULL,NULL,NULL,NULL,5,images/WII-0578.jpg,Dance Sensation!,NULL,NULL,NULL,NULL
NULL,WII-0600,12,NULL,NULL,NULL,NULL,5,images/WII-0600.jpg,Alvin and The Chipmunks,NULL,NULL,NULL,NULL
NULL,WII-0602,12,NULL,NULL,NULL,NULL,5,images/WII-0602.jpg,It's Your Stage Dance!,NULL,NULL,NULL,NULL
NULL,WII-0606,12,NULL,NULL,NULL,NULL,5,images/WII-0606.jpg,Diva Ballerina,NULL,NULL,NULL,NULL
NULL,WII-0607,12,NULL,NULL,NULL,NULL,5,images/WII-0607.jpg,Sing It Family Hits,NULL,NULL,NULL,NULL
NULL,WII-0610,12,NULL,NULL,NULL,NULL,5,images/WII-0610.png,Music Party Rock the House,NULL,NULL,NULL,NULL
NULL,WII-0612,12,NULL,NULL,NULL,NULL,5,images/WII-0612.jpg,Dance Workout,NULL,NULL,NULL,NULL
NULL,WII-0616,12,NULL,NULL,NULL,NULL,5,images/WII-0616.jpg,Grease,NULL,NULL,NULL,NULL
NULL,WII-0622,12,NULL,NULL,NULL,NULL,5,images/WII-0622.jpg,Dance Dance  Revolution Hottest Party 3,NULL,NULL,NULL,NULL
NULL,WII-0625,12,NULL,NULL,NULL,NULL,5,images/WII-0625.jpg,Dance and Cheer,NULL,NULL,NULL,NULL
NULL,WII-0639,12,NULL,NULL,NULL,NULL,5,images/WII-0639.jpg,Kidz Bop,NULL,NULL,NULL,NULL
NULL,WII-0642,12,NULL,NULL,NULL,NULL,5,images/WII-0642.jpg,Guitar Hero Warriors of Rock,NULL,NULL,NULL,NULL
NULL,WII-0644,12,NULL,NULL,NULL,NULL,5,images/WII-0644.jpg,Sing It Party Hits,NULL,NULL,NULL,NULL
NULL,WII-0650,12,NULL,NULL,NULL,NULL,5,images/WII-0650.jpg,My Ballet Studio,NULL,NULL,NULL,NULL
NULL,WII-0656,12,NULL,NULL,NULL,NULL,5,images/WII-0656.jpg,Def Jam Rapstar,NULL,NULL,NULL,NULL
NULL,WII-0673,12,NULL,NULL,NULL,NULL,5,images/WII-0673.jpg,Just Dance 2,NULL,NULL,NULL,NULL
NULL,WII-0681,12,NULL,NULL,NULL,NULL,5,images/WII-0681.jpg,Dj Hero 2,NULL,NULL,NULL,NULL
NULL,WII-0690,12,NULL,NULL,NULL,NULL,5,images/WII-0690.jpg,The X Factor,NULL,NULL,NULL,NULL
NULL,WII-0691,12,NULL,NULL,NULL,NULL,5,images/WII-0691.jpg,Guitar Hero 2,NULL,NULL,NULL,NULL
NULL,WII-0695,12,NULL,NULL,NULL,NULL,5,images/WII-0695.jpg,Battle of the Bands,NULL,NULL,NULL,NULL
NULL,WII-0706,12,NULL,NULL,NULL,NULL,5,images/WII-0706.jpg,In the Mix ,NULL,NULL,NULL,NULL
NULL,WII-0717,12,NULL,NULL,NULL,NULL,5,images/WII-0717.jpg,Guitar Hero Metallica,NULL,NULL,NULL,NULL
NULL,WII-0719,12,NULL,NULL,NULL,NULL,5,images/WII-0719.jpg,All Star Party,NULL,NULL,NULL,NULL
NULL,WII-0726,12,NULL,NULL,NULL,NULL,5,images/WII-0726.jpg,Guitar Hero Aero Smith,NULL,NULL,NULL,NULL
NULL,WII-0732,12,NULL,NULL,NULL,NULL,5,images/WII-0732.jpg,We Sing Robbie Williams,NULL,NULL,NULL,NULL
NULL,WII-0736,12,NULL,NULL,NULL,NULL,5,images/WII-0736.jpg,Just Dance Kids,NULL,NULL,NULL,NULL
NULL,WII-0775,12,NULL,NULL,NULL,NULL,5,images/WII-0775.jpg,Dancing with the Stars,NULL,NULL,NULL,NULL
NULL,WII-0776,12,NULL,NULL,NULL,NULL,5,images/WII-0776.jpg,Glee Karaoke Revolution,NULL,NULL,NULL,NULL
NULL,WII-0785,12,NULL,NULL,NULL,NULL,5,images/WII-0785.jpg,Rock Band,NULL,NULL,NULL,NULL
NULL,WII-0787,12,NULL,NULL,NULL,NULL,5,images/WII-0787.jpg,Rock Band Pack 1,NULL,NULL,NULL,NULL
NULL,WII-0814,12,NULL,NULL,NULL,NULL,5,images/WII-0814.jpg,Dance Juniors,NULL,NULL,NULL,NULL
NULL,WII-0820,12,NULL,NULL,NULL,NULL,5,images/WII-0820.jpg,My First Songs ,NULL,NULL,NULL,NULL
NULL,WII-0821,12,NULL,NULL,NULL,NULL,5,images/WII-0821.jpg,Rock Band Country Pack 2,NULL,NULL,NULL,NULL
NULL,WII-0842,12,NULL,NULL,NULL,NULL,5,images/WII-0842.jpg,Dance Dance Revolution Hottest Party 2,NULL,NULL,NULL,NULL
NULL,WII-0843,12,NULL,NULL,NULL,NULL,5,images/WII-0843.jpg,Country Dance,NULL,NULL,NULL,NULL
NULL,WII-0846,12,NULL,NULL,NULL,NULL,5,images/WII-0846.jpg,We Sing DownUnder,NULL,NULL,NULL,NULL
NULL,WII-0847,12,NULL,NULL,NULL,NULL,5,images/WII-0847.jpg,Glee Karaoke Revolution,NULL,NULL,NULL,NULL
NULL,WII-0862,12,NULL,NULL,NULL,NULL,5,images/WII-0862.jpg,We Cheer,NULL,NULL,NULL,NULL
NULL,WII-0044,4,NULL,NULL,NULL,NULL,5,images/WII-0044.jpg,Naruto Clash of Ninja 2 ,NULL,NULL,NULL,NULL
NULL,WII-0052,4,NULL,NULL,NULL,NULL,5,images/WII-0052.jpg,Naruto Clash of Ninja,NULL,NULL,NULL,NULL
NULL,WII-0078,4,NULL,NULL,NULL,NULL,5,images/WII-0078.jpg,Bleach Shattered Blade,NULL,NULL,NULL,NULL
NULL,WII-0083,4,NULL,NULL,NULL,NULL,5,images/WII-0083.jpg,Guilty Gear xx Core,NULL,NULL,NULL,NULL
NULL,WII-0109,4,NULL,NULL,NULL,NULL,5,images/WII-0109.jpg,Smack Down vs Raw 2008,NULL,NULL,NULL,NULL
NULL,WII-0122,4,NULL,NULL,NULL,NULL,5,images/WII-0122.jpg,Dragon Ball Z Budokai Tenkaichi 3,NULL,NULL,NULL,NULL
NULL,WII-0155,4,NULL,NULL,NULL,NULL,5,images/WII-0155.jpg,Naruto Shippuden Clash of Ninja 3,NULL,NULL,NULL,NULL
NULL,WII-0170,4,NULL,NULL,NULL,NULL,5,images/WII-0170.jpg,Smack Down vs Raw 2009,NULL,NULL,NULL,NULL
NULL,WII-0209,4,NULL,NULL,NULL,NULL,5,images/WII-0209.jpg,Super Smash Bros Brawl,NULL,NULL,NULL,NULL
NULL,WII-0223,4,NULL,NULL,NULL,NULL,5,images/WII-0223.jpg,Naruto Ex,NULL,NULL,NULL,NULL
NULL,WII-0224,4,NULL,NULL,NULL,NULL,5,images/WII-0224.jpg,Naruto Ex 2,NULL,NULL,NULL,NULL
NULL,WII-0253,4,NULL,NULL,NULL,NULL,5,images/WII-0253.jpg,Bleach Versus Crusade,NULL,NULL,NULL,NULL
NULL,WII-0404,4,NULL,NULL,NULL,NULL,5,images/WII-0404.jpg,Smack Down vs Raw 2010,NULL,NULL,NULL,NULL
NULL,WII-0416,4,NULL,NULL,NULL,NULL,5,images/WII-0416.jpg,Guilty Gear xx Accent Core Plus,NULL,NULL,NULL,NULL
NULL,WII-0426,4,NULL,NULL,NULL,NULL,5,images/WII-0426.jpg,Dragon Ball Z Budokai Tenkaichi 2,NULL,NULL,NULL,NULL
NULL,WII-0439,4,NULL,NULL,NULL,NULL,5,images/WII-0439.jpg,Tatsunoko vs Capcom,NULL,NULL,NULL,NULL
NULL,WII-0586,4,NULL,NULL,NULL,NULL,5,images/WII-0586.jpg,Tournament of Legends,NULL,NULL,NULL,NULL
NULL,WII-0696,4,NULL,NULL,NULL,NULL,5,images/WII-0696.jpg,Smack Down vs Raw 2011,NULL,NULL,NULL,NULL
NULL,WII-0760,4,NULL,NULL,NULL,NULL,5,images/WII-0760.jpg,Naruto Shippuden Dragon Blade,NULL,NULL,NULL,NULL
NULL,WII-0779,4,NULL,NULL,NULL,NULL,5,images/WII-0779.jpg,Naruto Especial,NULL,NULL,NULL,NULL
NULL,WII-0796,4,NULL,NULL,NULL,NULL,5,images/WII-0796.gif,Samurai Spirits,NULL,NULL,NULL,NULL
NULL,WII-0845,4,NULL,NULL,NULL,NULL,5,images/WII-0845.jpg,All Stars,NULL,NULL,NULL,NULL
NULL,WII-0854,4,NULL,NULL,NULL,NULL,5,images/WII-0854.jpg,TNA Impact!,NULL,NULL,NULL,NULL
NULL,WII-0031,13,NULL,NULL,NULL,NULL,5,images/WII-0031.jpg,Are You Smarter Than a 5th Grader? Back to School,NULL,NULL,NULL,NULL
NULL,WII-0079,13,NULL,NULL,NULL,NULL,5,images/WII-0079.jpg,Monopoly,NULL,NULL,NULL,NULL
NULL,WII-0099,13,NULL,NULL,NULL,NULL,5,images/WII-0099.jpg,Ultimate ISPY,NULL,NULL,NULL,NULL
NULL,WII-0143,13,NULL,NULL,NULL,NULL,5,images/WII-0143.jpg,Crosswords,NULL,NULL,NULL,NULL
NULL,WII-0147,13,NULL,NULL,NULL,NULL,5,images/WII-0147.jpg,Puzzle Quest,NULL,NULL,NULL,NULL
NULL,WII-0177,13,NULL,NULL,NULL,NULL,5,images/WII-0177.jpg,Myth Makers Orbs of Doom,NULL,NULL,NULL,NULL
NULL,WII-0183,13,NULL,NULL,NULL,NULL,5,images/WII-0183.jpg,Burger Island,NULL,NULL,NULL,NULL
NULL,WII-0190,13,NULL,NULL,NULL,NULL,5,images/WII-0190.jpg,Deal or No Deal,NULL,NULL,NULL,NULL
NULL,WII-0198,13,NULL,NULL,NULL,NULL,5,images/WII-0198.jpg,Telly Addicts,NULL,NULL,NULL,NULL
NULL,WII-0214,13,NULL,NULL,NULL,NULL,5,images/WII-0214.jpg,Press Your Luck,NULL,NULL,NULL,NULL
NULL,WII-0230,13,NULL,NULL,NULL,NULL,5,images/WII-0230.jpg,Army Rescue,NULL,NULL,NULL,NULL
NULL,WII-0250,13,NULL,NULL,NULL,NULL,5,images/WII-0250.jpg,Golden Balls,NULL,NULL,NULL,NULL
NULL,WII-0263,13,NULL,NULL,NULL,NULL,5,images/WII-0263.jpg,Word Jong Party,NULL,NULL,NULL,NULL
NULL,WII-0267,13,NULL,NULL,NULL,NULL,5,images/WII-0267.jpg,Cake Mania In the Mix,NULL,NULL,NULL,NULL
NULL,WII-0268,13,NULL,NULL,NULL,NULL,5,images/WII-0268.jpg,Neopets Puzzle Adventure,NULL,NULL,NULL,NULL
NULL,WII-0269,13,NULL,NULL,NULL,NULL,5,images/WII-0269.jpg,Candy Factory,NULL,NULL,NULL,NULL
NULL,WII-0274,13,NULL,NULL,NULL,NULL,5,images/WII-0274.jpg,Think,NULL,NULL,NULL,NULL
NULL,WII-0285,13,NULL,NULL,NULL,NULL,5,images/WII-0285.jpg,Science Papa,NULL,NULL,NULL,NULL
NULL,WII-0299,13,NULL,NULL,NULL,NULL,5,images/WII-0299.jpg,Puzzle Challenge Crosswords,NULL,NULL,NULL,NULL
NULL,WII-0303,13,NULL,NULL,NULL,NULL,5,images/WII-0303.jpg,Solitaire and Mahjong,NULL,NULL,NULL,NULL
NULL,WII-0358,13,NULL,NULL,NULL,NULL,5,images/WII-0358.jpg,The Price is Right,NULL,NULL,NULL,NULL
NULL,WII-0364,13,NULL,NULL,NULL,NULL,5,images/WII-0364.jpg,Colorful Journey,NULL,NULL,NULL,NULL
NULL,WII-0375,13,NULL,NULL,NULL,NULL,5,images/WII-0375.jpg,Where is Waldo,NULL,NULL,NULL,NULL
NULL,WII-0378,13,NULL,NULL,NULL,NULL,5,images/WII-0378.jpg,Family Feud,NULL,NULL,NULL,NULL
NULL,WII-0383,13,NULL,NULL,NULL,NULL,5,images/WII-0383.jpg,Scrabble,NULL,NULL,NULL,NULL
NULL,WII-0412,13,NULL,NULL,NULL,NULL,5,images/WII-0412.jpg,Family Fortunes,NULL,NULL,NULL,NULL
NULL,WII-0450,13,NULL,NULL,NULL,NULL,5,images/WII-0450.jpg,Doctor Fizzwizzle's,NULL,NULL,NULL,NULL
NULL,WII-0460,13,NULL,NULL,NULL,NULL,5,images/WII-0460.jpg,Rock Blast,NULL,NULL,NULL,NULL
NULL,WII-0471,13,NULL,NULL,NULL,NULL,5,images/WII-0471.jpg,Spell Bound Party ,NULL,NULL,NULL,NULL
NULL,WII-0561,13,NULL,NULL,NULL,NULL,5,images/WII-0561.jpg,Happy Neuron Academy,NULL,NULL,NULL,NULL
NULL,WII-0569,13,NULL,NULL,NULL,NULL,5,images/WII-0569.jpg,Scene It?,NULL,NULL,NULL,NULL
NULL,WII-0581,13,NULL,NULL,NULL,NULL,5,images/WII-0581.jpg,Scene It? Twilight,NULL,NULL,NULL,NULL
NULL,WII-0585,13,NULL,NULL,NULL,NULL,5,images/WII-0585.jpg,Think Smart,NULL,NULL,NULL,NULL
NULL,WII-0633,13,NULL,NULL,NULL,NULL,5,images/WII-0633.jpg,Truth of Lies,NULL,NULL,NULL,NULL
NULL,WII-0641,13,NULL,NULL,NULL,NULL,5,images/WII-0641.JPG,Mahjongg Party,NULL,NULL,NULL,NULL
NULL,WII-0654,13,NULL,NULL,NULL,NULL,5,images/WII-0654.jpg,Hollywood Squares,NULL,NULL,NULL,NULL
NULL,WII-0686,13,NULL,NULL,NULL,NULL,5,images/WII-0686.jpg,The Ultimate Battle of the Sexes,NULL,NULL,NULL,NULL
NULL,WII-0705,13,NULL,NULL,NULL,NULL,5,images/WII-0705.jpg,Monopoly Streets,NULL,NULL,NULL,NULL
NULL,WII-0708,13,NULL,NULL,NULL,NULL,5,images/WII-0708.jpg,Ultimate Board Game Collection,NULL,NULL,NULL,NULL
NULL,WII-0712,13,NULL,NULL,NULL,NULL,5,images/WII-0712.jpg,Jeopardy!,NULL,NULL,NULL,NULL
NULL,WII-0713,13,NULL,NULL,NULL,NULL,5,images/WII-0713.jpg,Wheel of Fortune,NULL,NULL,NULL,NULL
NULL,WII-0735,13,NULL,NULL,NULL,NULL,5,images/WII-0735.jpg,Family Feud 1976- 2011 Decades,NULL,NULL,NULL,NULL
NULL,WII-0740,13,NULL,NULL,NULL,NULL,5,images/WII-0740.jpg,Create,NULL,NULL,NULL,NULL
NULL,WII-0759,13,NULL,NULL,NULL,NULL,5,images/WII-0759.jpg,Pictionary,NULL,NULL,NULL,NULL
NULL,WII-0778,13,NULL,NULL,NULL,NULL,5,images/WII-0778.jpg,Puzzler Collectio,NULL,NULL,NULL,NULL
NULL,WII-0780,13,NULL,NULL,NULL,NULL,5,images/WII-0780.jpg,Order Up!,NULL,NULL,NULL,NULL
NULL,WII-0810,13,NULL,NULL,NULL,NULL,5,images/WII-0810.jpg,Burger Bot,NULL,NULL,NULL,NULL
NULL,WII-0816,13,NULL,NULL,NULL,NULL,5,images/WII-0816.jpg,You Don't Know Jack,NULL,NULL,NULL,NULL
NULL,WII-0832,13,NULL,NULL,NULL,NULL,5,images/WII-0832.png,The 1.000.000 Pyramid,NULL,NULL,NULL,NULL
NULL,WII-0839,13,NULL,NULL,NULL,NULL,5,images/WII-0839.jpg,The Price is Right,NULL,NULL,NULL,NULL
NULL,WII-0850,13,NULL,NULL,NULL,NULL,5,images/WII-0850.jpg,Challenge Me Word Puzzle,NULL,NULL,NULL,NULL
NULL,WII-0015,9,NULL,NULL,NULL,NULL,5,images/WII-0015.jpg,Dokapon Kingdom,NULL,NULL,NULL,NULL
NULL,WII-0069,9,NULL,NULL,NULL,NULL,5,images/WII-0069.jpg,Monster Lab,NULL,NULL,NULL,NULL
NULL,WII-0101,9,NULL,NULL,NULL,NULL,5,images/WII-0101.jpg,Fire Emblem Radiant Dawn,NULL,NULL,NULL,NULL
NULL,WII-0133,9,NULL,NULL,NULL,NULL,5,images/WII-0133.jpg,Tales of Symphonia,NULL,NULL,NULL,NULL
NULL,WII-0187,9,NULL,NULL,NULL,NULL,5,images/WII-0187.jpg,Dragon Quest Swords,NULL,NULL,NULL,NULL
NULL,WII-0193,9,NULL,NULL,NULL,NULL,5,images/WII-0193.jpg,Baroque,NULL,NULL,NULL,NULL
NULL,WII-0220,9,NULL,NULL,NULL,NULL,5,images/WII-0220.jpg,Opoona,NULL,NULL,NULL,NULL
NULL,WII-0237,9,NULL,NULL,NULL,NULL,5,images/WII-0237.jpg,Legend of Sayuki,NULL,NULL,NULL,NULL
NULL,WII-0291,9,NULL,NULL,NULL,NULL,5,images/WII-0291.jpg,Fragile Dreams,NULL,NULL,NULL,NULL
NULL,WII-0340,9,NULL,NULL,NULL,NULL,5,images/WII-0340.jpg,Rune Factory Frontier,NULL,NULL,NULL,NULL
NULL,WII-0385,9,NULL,NULL,NULL,NULL,5,images/WII-0385.jpg,Little King's Story,NULL,NULL,NULL,NULL
NULL,WII-0393,9,NULL,NULL,NULL,NULL,5,images/WII-0393.jpg,Valhalla Knights,NULL,NULL,NULL,NULL
NULL,WII-0459,9,NULL,NULL,NULL,NULL,5,images/WII-0459.jpg,Shiren The Wanderer,NULL,NULL,NULL,NULL
NULL,WII-0490,9,NULL,NULL,NULL,NULL,5,images/WII-0490.jpg,Sakura Wars,NULL,NULL,NULL,NULL
NULL,WII-0599,9,NULL,NULL,NULL,NULL,5,images/WII-0599.jpg,Arcrise Fantasia,NULL,NULL,NULL,NULL
NULL,WII-0811,9,NULL,NULL,NULL,NULL,5,images/WII-0811.jpg,The Last Story,NULL,NULL,NULL,NULL
NULL,WII-0848,9,NULL,NULL,NULL,NULL,5,images/WII-0848.jpg,Neo,NULL,NULL,NULL,NULL
NULL,WII-0043,19,NULL,NULL,NULL,NULL,5,images/WII-0043.jpg,World Championship Poker All In,NULL,NULL,NULL,NULL
NULL,WII-0049,19,NULL,NULL,NULL,NULL,5,images/WII-0049.jpg,Out of the Chute,NULL,NULL,NULL,NULL
NULL,WII-0072,19,NULL,NULL,NULL,NULL,5,images/WII-0072.jpg,Pool Party,NULL,NULL,NULL,NULL
NULL,WII-0164,19,NULL,NULL,NULL,NULL,5,images/WII-0164.jpg,WSC Real 08,NULL,NULL,NULL,NULL
NULL,WII-0192,19,NULL,NULL,NULL,NULL,5,images/WII-0192.jpg,Pinball ,NULL,NULL,NULL,NULL
NULL,WII-0227,19,NULL,NULL,NULL,NULL,5,images/WII-0227.jpg,Dream Pinball 3D,NULL,NULL,NULL,NULL
NULL,WII-0287,19,NULL,NULL,NULL,NULL,5,images/WII-0287.jpg,King of Pool,NULL,NULL,NULL,NULL
NULL,WII-0342,19,NULL,NULL,NULL,NULL,5,images/WII-0342.jpg,World Series Poker,NULL,NULL,NULL,NULL
NULL,WII-0402,19,NULL,NULL,NULL,NULL,5,images/WII-0402.jpg,Tournament Pool,NULL,NULL,NULL,NULL
NULL,WII-0443,19,NULL,NULL,NULL,NULL,5,images/WII-0443.jpg,Alien Monster Ambl Bowling League,NULL,NULL,NULL,NULL
NULL,WII-0451,19,NULL,NULL,NULL,NULL,5,images/WII-0451.jpg,WSC Real 09,NULL,NULL,NULL,NULL
NULL,WII-0008,1,NULL,NULL,NULL,NULL,5,images/WII-0008.jpg,Gunslingers,NULL,NULL,NULL,NULL
NULL,WII-0036,1,NULL,NULL,NULL,NULL,5,images/WII-0036.jpg,Splinter Cell Double Agent,NULL,NULL,NULL,NULL
NULL,WII-0108,1,NULL,NULL,NULL,NULL,5,images/WII-0108.jpg,Spy Games,NULL,NULL,NULL,NULL
NULL,WII-0185,1,NULL,NULL,NULL,NULL,5,images/WII-0185.jpg,Championship Paintball 2009,NULL,NULL,NULL,NULL
NULL,WII-0252,1,NULL,NULL,NULL,NULL,5,images/WII-0252.jpg,Farcry Vengeance,NULL,NULL,NULL,NULL
NULL,WII-0421,1,NULL,NULL,NULL,NULL,5,images/WII-0421.jpg,Metroid Prime,NULL,NULL,NULL,NULL
NULL,WII-0442,1,NULL,NULL,NULL,NULL,5,images/WII-0442.jpg,Marines,NULL,NULL,NULL,NULL
NULL,WII-0658,1,NULL,NULL,NULL,NULL,5,images/WII-0658.jpg,Greg Hastings Paintball 2,NULL,NULL,NULL,NULL
NULL,WII-0703,1,NULL,NULL,NULL,NULL,5,images/WII-0703.png,Target Terror,NULL,NULL,NULL,NULL
NULL,WII-0710,1,NULL,NULL,NULL,NULL,5,images/WII-0710.jpg,Golden Eye 007,NULL,NULL,NULL,NULL
NULL,WII-0724,1,NULL,NULL,NULL,NULL,5,images/WII-0724.jpg,Call of Duty Black Ops,NULL,NULL,NULL,NULL
NULL,WII-0018,15,NULL,NULL,NULL,NULL,5,images/WII-0018.jpg,Littlest Pet Shop,NULL,NULL,NULL,NULL
NULL,WII-0050,15,NULL,NULL,NULL,NULL,5,images/WII-0050.jpg,Meine Tierarztpraxis,NULL,NULL,NULL,NULL
NULL,WII-0064,15,NULL,NULL,NULL,NULL,5,images/WII-0064.jpg,The Sims 2 Castaway,NULL,NULL,NULL,NULL
NULL,WII-0088,15,NULL,NULL,NULL,NULL,5,images/WII-0088.jpg,My Sims,NULL,NULL,NULL,NULL
NULL,WII-0094,15,NULL,NULL,NULL,NULL,5,images/WII-0094.jpg,Party Babyz,NULL,NULL,NULL,NULL
NULL,WII-0103,15,NULL,NULL,NULL,NULL,5,images/WII-0103.jpg,Laura's Passie Wilde Paarden,NULL,NULL,NULL,NULL
NULL,WII-0105,15,NULL,NULL,NULL,NULL,5,images/WII-0105.jpg,Petz Horse Club,NULL,NULL,NULL,NULL
NULL,WII-0112,15,NULL,NULL,NULL,NULL,5,images/WII-0112.jpg,Lumberjacks,NULL,NULL,NULL,NULL
NULL,WII-0113,15,NULL,NULL,NULL,NULL,5,images/WII-0113.jpg,Circus Star,NULL,NULL,NULL,NULL
NULL,WII-0117,15,NULL,NULL,NULL,NULL,5,images/WII-0117.jpg,My Horse and Me 2,NULL,NULL,NULL,NULL
NULL,WII-0129,15,NULL,NULL,NULL,NULL,5,images/WII-0129.jpg,Puppy Luv,NULL,NULL,NULL,NULL
NULL,WII-0131,15,NULL,NULL,NULL,NULL,5,images/WII-0131.jpg,Petz Sports,NULL,NULL,NULL,NULL
NULL,WII-0134,15,NULL,NULL,NULL,NULL,5,images/WII-0134.jpg,Dogz,NULL,NULL,NULL,NULL
NULL,WII-0148,15,NULL,NULL,NULL,NULL,5,images/WII-0148.jpg,My Sims Kingdom,NULL,NULL,NULL,NULL
NULL,WII-0161,15,NULL,NULL,NULL,NULL,5,images/WII-0161.jpg,My Pet Hotel,NULL,NULL,NULL,NULL
NULL,WII-0165,15,NULL,NULL,NULL,NULL,5,images/WII-0165.jpg,My Horse and Me,NULL,NULL,NULL,NULL
NULL,WII-0211,15,NULL,NULL,NULL,NULL,5,images/WII-0211.jpg,Petz Catz 2,NULL,NULL,NULL,NULL
NULL,WII-0218,15,NULL,NULL,NULL,NULL,5,images/WII-0218.jpg,Petz Horsez 2,NULL,NULL,NULL,NULL
NULL,WII-0219,15,NULL,NULL,NULL,NULL,5,images/WII-0219.jpg,Sim Animals Africa ,NULL,NULL,NULL,NULL
NULL,WII-0225,15,NULL,NULL,NULL,NULL,5,images/WII-0225.jpg,Horse and Pony My Riding Stables,NULL,NULL,NULL,NULL
NULL,WII-0231,15,NULL,NULL,NULL,NULL,5,images/WII-0231.jpg,Baby and Me,NULL,NULL,NULL,NULL
NULL,WII-0249,15,NULL,NULL,NULL,NULL,5,images/WII-0249.jpg,Gallop and Ride,NULL,NULL,NULL,NULL
NULL,WII-0251,15,NULL,NULL,NULL,NULL,5,images/WII-0251.jpg,Horse Life,NULL,NULL,NULL,NULL
NULL,WII-0278,15,NULL,NULL,NULL,NULL,5,images/WII-0278.jpg,Pet Resort,NULL,NULL,NULL,NULL
NULL,WII-0280,15,NULL,NULL,NULL,NULL,5,images/WII-0280.jpg,Fashion Idol,NULL,NULL,NULL,NULL
NULL,WII-0281,15,NULL,NULL,NULL,NULL,5,images/WII-0281.jpg,Petz Crazy Monkeyz,NULL,NULL,NULL,NULL
NULL,WII-0284,15,NULL,NULL,NULL,NULL,5,images/WII-0284.jpg,Sim Animals,NULL,NULL,NULL,NULL
NULL,WII-0286,15,NULL,NULL,NULL,NULL,5,images/WII-0286.jpg,Hotel for Dogs,NULL,NULL,NULL,NULL
NULL,WII-0289,15,NULL,NULL,NULL,NULL,5,images/WII-0289.jpg,Purr Pals,NULL,NULL,NULL,NULL
NULL,WII-0325,15,NULL,NULL,NULL,NULL,5,images/WII-0325.jpg,Pet Vet,NULL,NULL,NULL,NULL
NULL,WII-0338,15,NULL,NULL,NULL,NULL,5,images/WII-0338.jpg,Jump Start Pet Rescue,NULL,NULL,NULL,NULL
NULL,WII-0386,15,NULL,NULL,NULL,NULL,5,images/WII-0386.png,Top Model,NULL,NULL,NULL,NULL
NULL,WII-0452,15,NULL,NULL,NULL,NULL,5,images/WII-0452.png,American Next Top Model,NULL,NULL,NULL,NULL
NULL,WII-0455,15,NULL,NULL,NULL,NULL,5,images/WII-0455.jpg,My Baby 2,NULL,NULL,NULL,NULL
NULL,WII-0457,15,NULL,NULL,NULL,NULL,5,images/WII-0457.jpg,Horse Life Adventures,NULL,NULL,NULL,NULL
NULL,WII-0461,15,NULL,NULL,NULL,NULL,5,images/WII-0461.jpg,World of Zoo,NULL,NULL,NULL,NULL
NULL,WII-0464,15,NULL,NULL,NULL,NULL,5,images/WII-0464.jpg,Project Runway,NULL,NULL,NULL,NULL
NULL,WII-0567,15,NULL,NULL,NULL,NULL,5,images/WII-0567.jpg,Pony Friends 2,NULL,NULL,NULL,NULL
NULL,WII-0573,15,NULL,NULL,NULL,NULL,5,images/WII-0573.jpg,Riding School 2,NULL,NULL,NULL,NULL
NULL,WII-0584,15,NULL,NULL,NULL,NULL,5,images/WII-0584.jpg,Stisfashion,NULL,NULL,NULL,NULL
NULL,WII-0589,15,NULL,NULL,NULL,NULL,5,images/WII-0589.jpg,The Saddle Club,NULL,NULL,NULL,NULL
NULL,WII-0613,15,NULL,NULL,NULL,NULL,5,images/WII-0613.png,The Bachelor,NULL,NULL,NULL,NULL
NULL,WII-0725,15,NULL,NULL,NULL,NULL,5,images/WII-0725.jpg,The Sims 3,NULL,NULL,NULL,NULL
NULL,WII-0730,15,NULL,NULL,NULL,NULL,5,images/WII-0730.jpg,My Sims Collection,NULL,NULL,NULL,NULL
NULL,WII-0798,15,NULL,NULL,NULL,NULL,5,images/WII-0798.jpg,The Sims 2 Pets,NULL,NULL,NULL,NULL
NULL,WII-0095,16,NULL,NULL,NULL,NULL,5,images/WII-0095.jpg,Manhunt 2,NULL,NULL,NULL,NULL
NULL,WII-0257,16,NULL,NULL,NULL,NULL,5,images/WII-0257.jpg,Resident Evil,NULL,NULL,NULL,NULL
NULL,WII-0306,16,NULL,NULL,NULL,NULL,5,images/WII-0306.jpg,Dead Rising Chop Till You Drop,NULL,NULL,NULL,NULL
NULL,WII-0418,16,NULL,NULL,NULL,NULL,5,images/WII-0418.jpg,Resident Evil 4,NULL,NULL,NULL,NULL
NULL,WII-0438,16,NULL,NULL,NULL,NULL,5,images/WII-0438.jpg,Resident Evil The Darkside Chronicles,NULL,NULL,NULL,NULL
NULL,WII-0790,16,NULL,NULL,NULL,NULL,5,images/WII-0790.jpg,Biohazard Zero,NULL,NULL,NULL,NULL
NULL,WII-0799,16,NULL,NULL,NULL,NULL,5,images/WII-0799.jpg,Project Zero 4,NULL,NULL,NULL,NULL
NULL,WII-0026,17,NULL,NULL,NULL,NULL,5,images/WII-0026.jpg,Heatseeker,NULL,NULL,NULL,NULL
NULL,WII-0041,17,NULL,NULL,NULL,NULL,5,images/WII-0041.jpg,Blazing Angels,NULL,NULL,NULL,NULL
NULL,WII-0217,17,NULL,NULL,NULL,NULL,5,images/WII-0217.jpg,WWII Aces,NULL,NULL,NULL,NULL
NULL,WII-0275,17,NULL,NULL,NULL,NULL,5,images/WII-0275.jpg,Ocean Commander,NULL,NULL,NULL,NULL
NULL,WII-0574,17,NULL,NULL,NULL,NULL,5,images/WII-0574.jpg,Sky Captain,NULL,NULL,NULL,NULL
NULL,WII-0647,17,NULL,NULL,NULL,NULL,5,images/WII-0647.jpg,My Sims Sky Heroes,NULL,NULL,NULL,NULL
NULL,WII-0684,17,NULL,NULL,NULL,NULL,5,images/WII-0684.JPG,Mini Copter Adventure Flight,NULL,NULL,NULL,NULL
NULL,WII-0723,17,NULL,NULL,NULL,NULL,5,images/WII-0723.jpg,Castle os Shikigami 3,NULL,NULL,NULL,NULL
NULL,WII-0763,17,NULL,NULL,NULL,NULL,5,images/WII-0763.jpg,Blast Works,NULL,NULL,NULL,NULL
NULL,WII-0861,17,NULL,NULL,NULL,NULL,5,images/WII-0861.jpg,Rebel Raiders,NULL,NULL,NULL,NULL