NULL,PS2-0008,8,NULL,NULL,3,NULL,NULL,images/PS2-0008.jpg,Eighteen 18 Wheeler ,NULL,NULL,NULL,NULL
NULL,PS2-0009,8,NULL,NULL,3,NULL,NULL,images/PS2-0009.jpg,187 Ride or Die,NULL,NULL,NULL,NULL
NULL,PS2-0013,8,NULL,NULL,3,NULL,NULL,images/PS2-0013.jpg,4x4 Evo 2,NULL,NULL,NULL,NULL
NULL,PS2-0038,8,NULL,NULL,3,NULL,NULL,images/PS2-0038.jpg,Racing Italiano,NULL,NULL,NULL,NULL
NULL,PS2-0050,8,NULL,NULL,3,NULL,NULL,images/PS2-0050.jpg,American Chopper,NULL,NULL,NULL,NULL
NULL,PS2-0051,8,NULL,NULL,3,NULL,NULL,images/PS2-0051.jpg,American Chopper,NULL,NULL,NULL,NULL
NULL,PS2-0098,8,NULL,NULL,3,NULL,NULL,images/PS2-0098.jpg,ATV Offroad Fury,NULL,NULL,NULL,NULL
NULL,PS2-0099,8,NULL,NULL,3,NULL,NULL,images/PS2-0099.jpg,ATV Offroad Fury 2,NULL,NULL,NULL,NULL
NULL,PS2-0100,8,NULL,NULL,3,NULL,NULL,images/PS2-0100.jpg,ATV Offroad Fury 3,NULL,NULL,NULL,NULL
NULL,PS2-0101,8,NULL,NULL,3,NULL,NULL,images/PS2-0101.jpg,ATV Offroad Fury 4,NULL,NULL,NULL,NULL
NULL,PS2-0102,8,NULL,NULL,3,NULL,NULL,images/PS2-0102.jpg,ATV Quad Power Racing 2,NULL,NULL,NULL,NULL
NULL,PS2-0103,8,NULL,NULL,3,NULL,NULL,images/PS2-0103.JPG,Auto Modellista,NULL,NULL,NULL,NULL
NULL,PS2-0142,8,NULL,NULL,3,NULL,NULL,images/PS2-0142.jpg,Ben Hur,NULL,NULL,NULL,NULL
NULL,PS2-0145,8,NULL,NULL,3,NULL,NULL,images/PS2-0145.jpg,Big Mutha Truckers 2,NULL,NULL,NULL,NULL
NULL,PS2-0146,8,NULL,NULL,3,NULL,NULL,images/PS2-0146.jpg,Big Mutha Truckers,NULL,NULL,NULL,NULL
NULL,PS2-0147,8,NULL,NULL,3,NULL,NULL,images/PS2-0147.jpg,Biker Mice,NULL,NULL,NULL,NULL
NULL,PS2-0174,8,NULL,NULL,3,NULL,NULL,images/PS2-0174.jpg,Bomberman Kart,NULL,NULL,NULL,NULL
NULL,PS2-0189,8,NULL,NULL,3,NULL,NULL,images/PS2-0189.jpg,Burnout,NULL,NULL,NULL,NULL
NULL,PS2-0190,8,NULL,NULL,3,NULL,NULL,images/PS2-0190.jpg,Burnout 2,NULL,NULL,NULL,NULL
NULL,PS2-0191,8,NULL,NULL,3,NULL,NULL,images/PS2-0191.jpg,Burnout 3,NULL,NULL,NULL,NULL
NULL,PS2-0192,8,NULL,NULL,3,NULL,NULL,images/PS2-0192.jpg,Burnout Dominator,NULL,NULL,NULL,NULL
NULL,PS2-0193,8,NULL,NULL,3,NULL,NULL,images/PS2-0193.jpg,BurnoutRevenge,NULL,NULL,NULL,NULL
NULL,PS2-0220,8,NULL,NULL,3,NULL,NULL,images/PS2-0220.jpg,Cartoon Network Racing,NULL,NULL,NULL,NULL
NULL,PS2-0229,8,NULL,NULL,3,NULL,NULL,images/PS2-0229.jpg,Cel Damage,NULL,NULL,NULL,NULL
NULL,PS2-0246,8,NULL,NULL,3,NULL,NULL,images/PS2-0246.jpg,Circus Maximus Chariot Wars,NULL,NULL,NULL,NULL
NULL,PS2-0248,8,NULL,NULL,3,NULL,NULL,images/PS2-0248.jpg,Classic British Motor Racing,NULL,NULL,NULL,NULL
NULL,PS2-0257,8,NULL,NULL,3,NULL,NULL,images/PS2-0257.jpg,Cocoto Kart Racer,NULL,NULL,NULL,NULL
NULL,PS2-0263,8,NULL,NULL,3,NULL,NULL,images/PS2-0263.jpg,Colin mcrae rally 3,NULL,NULL,NULL,NULL
NULL,PS2-0264,8,NULL,NULL,3,NULL,NULL,images/PS2-0264.jpg,Colin mcrae rally 04,NULL,NULL,NULL,NULL
NULL,PS2-0265,8,NULL,NULL,3,NULL,NULL,images/PS2-0265.JPG,Colin mcrae rally 2005,NULL,NULL,NULL,NULL
NULL,PS2-0282,8,NULL,NULL,3,NULL,NULL,images/PS2-0282.jpg,Corvette,NULL,NULL,NULL,NULL
NULL,PS2-0283,8,NULL,NULL,3,NULL,NULL,images/PS2-0283.jpg,Corvette Evolution Gt,NULL,NULL,NULL,NULL
NULL,PS2-0285,8,NULL,NULL,3,NULL,NULL,images/PS2-0285.jpg,Crash and Brun,NULL,NULL,NULL,NULL
NULL,PS2-0287,8,NULL,NULL,3,NULL,NULL,images/PS2-0287.jpg,Crash Nitro Kart,NULL,NULL,NULL,NULL
NULL,PS2-0289,8,NULL,NULL,3,NULL,NULL,images/PS2-0289.jpg,Crash Tag Team Racing,NULL,NULL,NULL,NULL
NULL,PS2-0293,8,NULL,NULL,3,NULL,NULL,images/PS2-0293.jpg,CrazyFrog Racer 2,NULL,NULL,NULL,NULL
NULL,PS2-0294,8,NULL,NULL,3,NULL,NULL,images/PS2-0294.jpg,CrazyFrog Racer,NULL,NULL,NULL,NULL
NULL,PS2-0296,8,NULL,NULL,3,NULL,NULL,images/PS2-0296.JPG,Crazy Taxi,NULL,NULL,NULL,NULL
NULL,PS2-0301,8,NULL,NULL,3,NULL,NULL,images/PS2-0301.jpg,Crusty Demons,NULL,NULL,NULL,NULL
NULL,PS2-0307,8,NULL,NULL,3,NULL,NULL,images/PS2-0307.jpg,Cyclone Circus,NULL,NULL,NULL,NULL
NULL,PS2-0310,8,NULL,NULL,3,NULL,NULL,images/PS2-0310.jpg,D1 Professional Drift Grand Prix Series,NULL,NULL,NULL,NULL
NULL,PS2-0311,8,NULL,NULL,3,NULL,NULL,images/PS2-0311.jpg,Dakar 2,NULL,NULL,NULL,NULL
NULL,PS2-0351,8,NULL,NULL,3,NULL,NULL,images/PS2-0351.jpg,Destruction Derby,NULL,NULL,NULL,NULL
NULL,PS2-0382,8,NULL,NULL,3,NULL,NULL,images/PS2-0382.jpg,Doomsday Racers,NULL,NULL,NULL,NULL
NULL,PS2-0394,8,NULL,NULL,3,NULL,NULL,images/PS2-0394.jpg,Downforce,NULL,NULL,NULL,NULL
NULL,PS2-0417,8,NULL,NULL,3,NULL,NULL,images/PS2-0417.jpg,Drome Racers,NULL,NULL,NULL,NULL
NULL,PS2-0419,8,NULL,NULL,3,NULL,NULL,images/PS2-0419.jpg,Dt Carnage,NULL,NULL,NULL,NULL
NULL,PS2-0420,8,NULL,NULL,3,NULL,NULL,images/PS2-0420.jpg,Dt Racer,NULL,NULL,NULL,NULL
NULL,PS2-0423,8,NULL,NULL,3,NULL,NULL,images/PS2-0423.jpg,The Dukes of Hazzard,NULL,NULL,NULL,NULL
NULL,PS2-0424,8,NULL,NULL,3,NULL,NULL,images/PS2-0424.jpg,D unit Drift Racing,NULL,NULL,NULL,NULL
NULL,PS2-0434,8,NULL,NULL,3,NULL,NULL,images/PS2-0434.jpg,Earache Extreme Metal Racing,NULL,NULL,NULL,NULL
NULL,PS2-0455,8,NULL,NULL,3,NULL,NULL,images/PS2-0455.jpg,Enthusia Professional Racing,NULL,NULL,NULL,NULL
NULL,PS2-0461,8,NULL,NULL,3,NULL,NULL,images/PS2-0461.jpg,Euro Rally,NULL,NULL,NULL,NULL
NULL,PS2-0467,8,NULL,NULL,3,NULL,NULL,images/PS2-0467.jpg,Extreme Sprint 3010,NULL,NULL,NULL,NULL
NULL,PS2-0480,8,NULL,NULL,3,NULL,NULL,images/PS2-0480.jpg,F1 2001,NULL,NULL,NULL,NULL
NULL,PS2-0481,8,NULL,NULL,3,NULL,NULL,images/PS2-0481.jpg,F1 Career Challenge,NULL,NULL,NULL,NULL
NULL,PS2-0482,8,NULL,NULL,3,NULL,NULL,images/PS2-0482.jpg,F1 Championship 2000,NULL,NULL,NULL,NULL
NULL,PS2-0493,8,NULL,NULL,3,NULL,NULL,images/PS2-0493.jpg,Ferrari Challenge,NULL,NULL,NULL,NULL
NULL,PS2-0494,8,NULL,NULL,3,NULL,NULL,images/PS2-0494.jpg,Ferrari F355 Challenge,NULL,NULL,NULL,NULL
NULL,PS2-0531,8,NULL,NULL,3,NULL,NULL,images/PS2-0531.jpg,Flatout,NULL,NULL,NULL,NULL
NULL,PS2-0532,8,NULL,NULL,3,NULL,NULL,images/PS2-0532.jpg,Flatout 2,NULL,NULL,NULL,NULL
NULL,PS2-0537,8,NULL,NULL,3,NULL,NULL,images/PS2-0537.jpg,Off Road,NULL,NULL,NULL,NULL
NULL,PS2-0538,8,NULL,NULL,3,NULL,NULL,images/PS2-0538.jpg,Mustang,NULL,NULL,NULL,NULL
NULL,PS2-0539,8,NULL,NULL,3,NULL,NULL,images/PS2-0539.jpg,Ford Racing 2,NULL,NULL,NULL,NULL
NULL,PS2-0540,8,NULL,NULL,3,NULL,NULL,images/PS2-0540.jpg,Ford Racing 3,NULL,NULL,NULL,NULL
NULL,PS2-0541,8,NULL,NULL,3,NULL,NULL,images/PS2-0541.jpg,Ford Street Racing,NULL,NULL,NULL,NULL
NULL,PS2-0542,8,NULL,NULL,3,NULL,NULL,images/PS2-0542.jpg,Ford Street Racing XR,NULL,NULL,NULL,NULL
NULL,PS2-0543,8,NULL,NULL,3,NULL,NULL,images/PS2-0543.jpg,Ford vs Chevy,NULL,NULL,NULL,NULL
NULL,PS2-0544,8,NULL,NULL,3,NULL,NULL,images/PS2-0544.jpg,F1 2002,NULL,NULL,NULL,NULL
NULL,PS2-0545,8,NULL,NULL,3,NULL,NULL,images/PS2-0545.jpg,F1 2003,NULL,NULL,NULL,NULL
NULL,PS2-0546,8,NULL,NULL,3,NULL,NULL,images/PS2-0546.jpg,F1 2004,NULL,NULL,NULL,NULL
NULL,PS2-0547,8,NULL,NULL,3,NULL,NULL,images/PS2-0547.jpg,F1 2005,NULL,NULL,NULL,NULL
NULL,PS2-0548,8,NULL,NULL,3,NULL,NULL,images/PS2-0548.jpg,F1 2006,NULL,NULL,NULL,NULL
NULL,PS2-0549,8,NULL,NULL,3,NULL,NULL,images/PS2-0549.jpg,Formula Challenge,NULL,NULL,NULL,NULL
NULL,PS2-0552,8,NULL,NULL,3,NULL,NULL,images/PS2-0552.jpg,Freaky Flyers,NULL,NULL,NULL,NULL
NULL,PS2-0570,8,NULL,NULL,3,NULL,NULL,images/PS2-0570.jpg,G1 Jockey 3,NULL,NULL,NULL,NULL
NULL,PS2-0571,8,NULL,NULL,3,NULL,NULL,images/PS2-0571.jpg,G1 Jockey 4,NULL,NULL,NULL,NULL
NULL,PS2-0573,8,NULL,NULL,3,NULL,NULL,images/PS2-0573.jpg,Gadget Racers,NULL,NULL,NULL,NULL
NULL,PS2-0612,8,NULL,NULL,3,NULL,NULL,images/PS2-0612.jpg,Gran Turismo 3,NULL,NULL,NULL,NULL
NULL,PS2-0613,8,NULL,NULL,3,NULL,NULL,images/PS2-0613.jpg,Gran Turismo 4,NULL,NULL,NULL,NULL
NULL,PS2-0614,8,NULL,NULL,3,NULL,NULL,images/PS2-0614.jpg,Gran Turismo Concept,NULL,NULL,NULL,NULL
NULL,PS2-0615,8,NULL,NULL,3,NULL,NULL,images/PS2-0615.jpg,Grand Prix Challenge,NULL,NULL,NULL,NULL
NULL,PS2-0631,8,NULL,NULL,3,NULL,NULL,images/PS2-0631.jpg,Racers TT,NULL,NULL,NULL,NULL
NULL,PS2-0632,8,NULL,NULL,3,NULL,NULL,images/PS2-0632.jpg,GTC Africa,NULL,NULL,NULL,NULL
NULL,PS2-0633,8,NULL,NULL,3,NULL,NULL,images/PS2-0633.jpg,GTR 400,NULL,NULL,NULL,NULL
NULL,PS2-0634,8,NULL,NULL,3,NULL,NULL,images/PS2-0634.jpg,GTR Touring,NULL,NULL,NULL,NULL
NULL,PS2-0664,8,NULL,NULL,3,NULL,NULL,images/PS2-0664.jpg,Harley Davidson Race to the Rally,NULL,NULL,NULL,NULL
NULL,PS2-0678,8,NULL,NULL,3,NULL,NULL,images/PS2-0678.jpg,Hawk Kawasaki Racing,NULL,NULL,NULL,NULL
NULL,PS2-0694,8,NULL,NULL,3,NULL,NULL,images/PS2-0694.jpg,Hormigaz Extreme Racing,NULL,NULL,NULL,NULL
NULL,PS2-0699,8,NULL,NULL,3,NULL,NULL,images/PS2-0699.jpg,Hotwheels Stunt Track,NULL,NULL,NULL,NULL
NULL,PS2-0700,8,NULL,NULL,3,NULL,NULL,images/PS2-0700.jpg,Hotwheels Beat That,NULL,NULL,NULL,NULL
NULL,PS2-0701,8,NULL,NULL,3,NULL,NULL,images/PS2-0701.jpg,Hotwheels X Velocity,NULL,NULL,NULL,NULL
NULL,PS2-0702,8,NULL,NULL,3,NULL,NULL,images/PS2-0702.jpg,Hotwheels World Race,NULL,NULL,NULL,NULL
NULL,PS2-0709,8,NULL,NULL,3,NULL,NULL,images/PS2-0709.jpg,IGPX,NULL,NULL,NULL,NULL
NULL,PS2-0715,8,NULL,NULL,3,NULL,NULL,images/PS2-0715.jpg,Indy Car Series,NULL,NULL,NULL,NULL
NULL,PS2-0716,8,NULL,NULL,3,NULL,NULL,images/PS2-0716.jpg,Indy Car Series 2005,NULL,NULL,NULL,NULL
NULL,PS2-0721,8,NULL,NULL,3,NULL,NULL,images/PS2-0721.jpg,Super Karts,NULL,NULL,NULL,NULL
NULL,PS2-0734,8,NULL,NULL,3,NULL,NULL,images/PS2-0734.jpg,Jak X Combat Racing,NULL,NULL,NULL,NULL
NULL,PS2-0736,8,NULL,NULL,3,NULL,NULL,images/PS2-0736.jpg,Jeep Thrills,NULL,NULL,NULL,NULL
NULL,PS2-0738,8,NULL,NULL,3,NULL,NULL,images/PS2-0738.jpg,Jet Ski Riders,NULL,NULL,NULL,NULL
NULL,PS2-0751,8,NULL,NULL,3,NULL,NULL,images/PS2-0751.jpg,Juiced,NULL,NULL,NULL,NULL
NULL,PS2-0752,8,NULL,NULL,3,NULL,NULL,images/PS2-0752.jpg,Juiced 2,NULL,NULL,NULL,NULL
NULL,PS2-0774,8,NULL,NULL,3,NULL,NULL,images/PS2-0774.jpg,Kinetica,NULL,NULL,NULL,NULL
NULL,PS2-0781,8,NULL,NULL,3,NULL,NULL,images/PS2-0781.jpg,Knight Rider,NULL,NULL,NULL,NULL
NULL,PS2-0782,8,NULL,NULL,3,NULL,NULL,images/PS2-0782.jpg,Knight Rider 2,NULL,NULL,NULL,NULL
NULL,PS2-0792,8,NULL,NULL,3,NULL,NULL,images/PS2-0792.jpg,L.A Rush,NULL,NULL,NULL,NULL
NULL,PS2-0807,8,NULL,NULL,3,NULL,NULL,images/PS2-0807.jpg,Le Mans 24 Hours,NULL,NULL,NULL,NULL
NULL,PS2-0808,8,NULL,NULL,3,NULL,NULL,images/PS2-0808.jpg,Le Tour De France,NULL,NULL,NULL,NULL
NULL,PS2-0809,8,NULL,NULL,3,NULL,NULL,images/PS2-0809.jpg,Le Tour De France 1903-2003,NULL,NULL,NULL,NULL
NULL,PS2-0818,8,NULL,NULL,3,NULL,NULL,images/PS2-0818.jpg,Racers 2,NULL,NULL,NULL,NULL
NULL,PS2-0831,8,NULL,NULL,3,NULL,NULL,images/PS2-0831.jpg,London Cab Challenge,NULL,NULL,NULL,NULL
NULL,PS2-0832,8,NULL,NULL,3,NULL,NULL,images/PS2-0832.jpg,London Racer Police Madness,NULL,NULL,NULL,NULL
NULL,PS2-0833,8,NULL,NULL,3,NULL,NULL,images/PS2-0833.jpg,Paris Marseille Racing Destruction Madness,NULL,NULL,NULL,NULL
NULL,PS2-0836,8,NULL,NULL,3,NULL,NULL,images/PS2-0836.jpg,Space Race,NULL,NULL,NULL,NULL
NULL,PS2-0839,8,NULL,NULL,3,NULL,NULL,images/PS2-0839.jpg,Los Autos Locos ,NULL,NULL,NULL,NULL
NULL,PS2-0840,8,NULL,NULL,3,NULL,NULL,images/PS2-0840.jpg,Autos Locos Pirados Sobre Ruedas,NULL,NULL,NULL,NULL
NULL,PS2-0845,8,NULL,NULL,3,NULL,NULL,images/PS2-0845.jpg,The Flintstones Beadrock Racing,NULL,NULL,NULL,NULL
NULL,PS2-0892,8,NULL,NULL,3,NULL,NULL,images/PS2-0892.jpg,Mashed,NULL,NULL,NULL,NULL
NULL,PS2-0899,8,NULL,NULL,3,NULL,NULL,images/PS2-0899.jpg,Maxxed Out Racing,NULL,NULL,NULL,NULL
NULL,PS2-0929,8,NULL,NULL,3,NULL,NULL,images/PS2-0929.jpg,Speed Racer,NULL,NULL,NULL,NULL
NULL,PS2-0934,8,NULL,NULL,3,NULL,NULL,images/PS2-0934.jpg,Micro Machines,NULL,NULL,NULL,NULL
NULL,PS2-0935,8,NULL,NULL,3,NULL,NULL,images/PS2-0935.jpg,Micro Machines V4,NULL,NULL,NULL,NULL
NULL,PS2-0936,8,NULL,NULL,3,NULL,NULL,images/PS2-0936.jpg,Midnight Club 3,NULL,NULL,NULL,NULL
NULL,PS2-0937,8,NULL,NULL,3,NULL,NULL,images/PS2-0937.jpg,Midnight Club 3 Remix,NULL,NULL,NULL,NULL
NULL,PS2-0938,8,NULL,NULL,3,NULL,NULL,images/PS2-0938.jpg,Midnight Club 2,NULL,NULL,NULL,NULL
NULL,PS2-0942,8,NULL,NULL,3,NULL,NULL,images/PS2-0942.jpg,Mini Desktop Racing,NULL,NULL,NULL,NULL
NULL,PS2-0954,8,NULL,NULL,3,NULL,NULL,images/PS2-0954.jpg,Monster 4x4 Masters of Metal,NULL,NULL,NULL,NULL
NULL,PS2-0957,8,NULL,NULL,3,NULL,NULL,images/PS2-0957.jpg,Monster Jam,NULL,NULL,NULL,NULL
NULL,PS2-0958,8,NULL,NULL,3,NULL,NULL,images/PS2-0958.jpg,Monster Jam Maximum Destruction,NULL,NULL,NULL,NULL
NULL,PS2-0959,8,NULL,NULL,3,NULL,NULL,images/PS2-0959.jpg,Monster Jam Urban Assault,NULL,NULL,NULL,NULL
NULL,PS2-0964,8,NULL,NULL,3,NULL,NULL,images/PS2-0964.jpg,Monster Trux Extreme,NULL,NULL,NULL,NULL
NULL,PS2-0973,8,NULL,NULL,3,NULL,NULL,images/PS2-0973.jpg,Motocross Mania 3,NULL,NULL,NULL,NULL
NULL,PS2-0974,8,NULL,NULL,3,NULL,NULL,images/PS2-0974.jpg,MotoGP 2,NULL,NULL,NULL,NULL
NULL,PS2-0975,8,NULL,NULL,3,NULL,NULL,images/PS2-0975.jpg,MotoGP 3,NULL,NULL,NULL,NULL
NULL,PS2-0976,8,NULL,NULL,3,NULL,NULL,images/PS2-0976.jpg,MotoGP 4,NULL,NULL,NULL,NULL
NULL,PS2-0977,8,NULL,NULL,3,NULL,NULL,images/PS2-0977.jpg,MotoGP 01,NULL,NULL,NULL,NULL
NULL,PS2-0978,8,NULL,NULL,3,NULL,NULL,images/PS2-0978.jpg,MotoGP 08,NULL,NULL,NULL,NULL
NULL,PS2-0979,8,NULL,NULL,3,NULL,NULL,images/PS2-0979.jpg,Motorsiege,NULL,NULL,NULL,NULL
NULL,PS2-0980,8,NULL,NULL,3,NULL,NULL,images/PS2-0980.jpg,Motor Storm ArticEdge,NULL,NULL,NULL,NULL
NULL,PS2-0986,8,NULL,NULL,3,NULL,NULL,images/PS2-0986.jpg,Mtx MotTrax,NULL,NULL,NULL,NULL
NULL,PS2-0992,8,NULL,NULL,3,NULL,NULL,images/PS2-0992.jpg,Mx Superfly,NULL,NULL,NULL,NULL
NULL,PS2-0993,8,NULL,NULL,3,NULL,NULL,images/PS2-0993.jpg,Mx Unleashed,NULL,NULL,NULL,NULL
NULL,PS2-0994,8,NULL,NULL,3,NULL,NULL,images/PS2-0994.jpg,Mx vs ATV Unleashed,NULL,NULL,NULL,NULL
NULL,PS2-0995,8,NULL,NULL,3,NULL,NULL,images/PS2-0995.jpg,Mx vs ATV Untamed,NULL,NULL,NULL,NULL
NULL,PS2-0996,8,NULL,NULL,3,NULL,NULL,images/PS2-0996.jpg,Mx World Tour,NULL,NULL,NULL,NULL
NULL,PS2-0998,8,NULL,NULL,3,NULL,NULL,images/PS2-0998.jpg,Myth Makers Super Kart GP,NULL,NULL,NULL,NULL
NULL,PS2-1012,8,NULL,NULL,3,NULL,NULL,images/PS2-1012.jpg,Nascar 2005,NULL,NULL,NULL,NULL
NULL,PS2-1013,8,NULL,NULL,3,NULL,NULL,images/PS2-1013.jpg,Nascar Dirt to Daytona,NULL,NULL,NULL,NULL
NULL,PS2-1014,8,NULL,NULL,3,NULL,NULL,images/PS2-1014.jpg,Nascar 06,NULL,NULL,NULL,NULL
NULL,PS2-1015,8,NULL,NULL,3,NULL,NULL,images/PS2-1015.jpg,Nascar 07,NULL,NULL,NULL,NULL
NULL,PS2-1016,8,NULL,NULL,3,NULL,NULL,images/PS2-1016.jpg,Nascar 08,NULL,NULL,NULL,NULL
NULL,PS2-1017,8,NULL,NULL,3,NULL,NULL,images/PS2-1017.jpg,Nascar 09,NULL,NULL,NULL,NULL
NULL,PS2-1039,8,NULL,NULL,3,NULL,NULL,images/PS2-1039.jpg,Need for Speed Hot Persuit 2,NULL,NULL,NULL,NULL
NULL,PS2-1040,8,NULL,NULL,3,NULL,NULL,images/PS2-1040.jpg,Need for Speed Underground,NULL,NULL,NULL,NULL
NULL,PS2-1041,8,NULL,NULL,3,NULL,NULL,images/PS2-1041.jpg,Need for Speed Underground 2,NULL,NULL,NULL,NULL
NULL,PS2-1042,8,NULL,NULL,3,NULL,NULL,images/PS2-1042.jpg,Need for Speed Most Wanted,NULL,NULL,NULL,NULL
NULL,PS2-1043,8,NULL,NULL,3,NULL,NULL,images/PS2-1043.jpg,Need for Speed Most Wanted Black Edition,NULL,NULL,NULL,NULL
NULL,PS2-1044,8,NULL,NULL,3,NULL,NULL,images/PS2-1044.jpg,Need for Speed Carbon,NULL,NULL,NULL,NULL
NULL,PS2-1045,8,NULL,NULL,3,NULL,NULL,images/PS2-1045.jpg,Need for Speed Carbon Collector's Edition,NULL,NULL,NULL,NULL
NULL,PS2-1046,8,NULL,NULL,3,NULL,NULL,images/PS2-1046.jpg,Need for Speed Pro Street,NULL,NULL,NULL,NULL
NULL,PS2-1047,8,NULL,NULL,3,NULL,NULL,images/PS2-1047.jpg,Need for Speed Undercover,NULL,NULL,NULL,NULL
NULL,PS2-1062,8,NULL,NULL,3,NULL,NULL,images/PS2-1062.jpg,Drag Racing,NULL,NULL,NULL,NULL
NULL,PS2-1068,8,NULL,NULL,3,NULL,NULL,images/PS2-1068.jpg,Nitro Bike,NULL,NULL,NULL,NULL
NULL,PS2-1094,8,NULL,NULL,3,NULL,NULL,images/PS2-1094.jpg,OutRun 2006,NULL,NULL,NULL,NULL
NULL,PS2-1098,8,NULL,NULL,3,NULL,NULL,images/PS2-1098.jpg,Pacman World Rally,NULL,NULL,NULL,NULL
NULL,PS2-1105,8,NULL,NULL,3,NULL,NULL,images/PS2-1105.jpg,Paris Daker Rally,NULL,NULL,NULL,NULL
NULL,PS2-1124,8,NULL,NULL,3,NULL,NULL,images/PS2-1124.jpg,Pimp My ride,NULL,NULL,NULL,NULL
NULL,PS2-1148,8,NULL,NULL,3,NULL,NULL,images/PS2-1148.jpg,Power Drome,NULL,NULL,NULL,NULL
NULL,PS2-1187,8,NULL,NULL,3,NULL,NULL,images/PS2-1187.jpg,Rally Championship,NULL,NULL,NULL,NULL
NULL,PS2-1188,8,NULL,NULL,3,NULL,NULL,images/PS2-1188.jpg,Rally Collection,NULL,NULL,NULL,NULL
NULL,PS2-1189,8,NULL,NULL,3,NULL,NULL,images/PS2-1189.jpg,Rally Fusion,NULL,NULL,NULL,NULL
NULL,PS2-1218,8,NULL,NULL,3,NULL,NULL,images/PS2-1218.jpg,Richard Burns Rally,NULL,NULL,NULL,NULL
NULL,PS2-1219,8,NULL,NULL,3,NULL,NULL,images/PS2-1219.jpg,Ridge Racer 5,NULL,NULL,NULL,NULL
NULL,PS2-1220,8,NULL,NULL,3,NULL,NULL,images/PS2-1220.jpg,Rs 2 Riding Spirits,NULL,NULL,NULL,NULL
NULL,PS2-1252,8,NULL,NULL,3,NULL,NULL,images/PS2-1252.jpg,Rpm Tuning,NULL,NULL,NULL,NULL
NULL,PS2-1286,8,NULL,NULL,3,NULL,NULL,images/PS2-1286.jpg,S3K 09,NULL,NULL,NULL,NULL
NULL,PS2-1287,8,NULL,NULL,3,NULL,NULL,images/PS2-1287.jpg,S3K 08,NULL,NULL,NULL,NULL
NULL,PS2-1288,8,NULL,NULL,3,NULL,NULL,images/PS2-1288.jpg,S3K 07,NULL,NULL,NULL,NULL
NULL,PS2-1290,8,NULL,NULL,3,NULL,NULL,images/PS2-1290.jpg,Scar,NULL,NULL,NULL,NULL
NULL,PS2-1296,8,NULL,NULL,3,NULL,NULL,images/PS2-1296.jpg,Baja Sobre 1000,NULL,NULL,NULL,NULL
NULL,PS2-1308,8,NULL,NULL,3,NULL,NULL,images/PS2-1308.jpg,Sega Rally 2006,NULL,NULL,NULL,NULL
NULL,PS2-1331,8,NULL,NULL,3,NULL,NULL,images/PS2-1331.jpg,Short Track,NULL,NULL,NULL,NULL
NULL,PS2-1332,8,NULL,NULL,3,NULL,NULL,images/PS2-1332.jpg,Shox,NULL,NULL,NULL,NULL
NULL,PS2-1334,8,NULL,NULL,3,NULL,NULL,images/PS2-1334.jpg,Shrek Smash and Crash Racing,NULL,NULL,NULL,NULL
NULL,PS2-1366,8,NULL,NULL,3,NULL,NULL,images/PS2-1366.jpg,Snow x Racing,NULL,NULL,NULL,NULL
NULL,PS2-1372,8,NULL,NULL,3,NULL,NULL,images/PS2-1372.jpg,Smash Cars,NULL,NULL,NULL,NULL
NULL,PS2-1387,8,NULL,NULL,3,NULL,NULL,images/PS2-1387.jpg,Sonic Riders,NULL,NULL,NULL,NULL
NULL,PS2-1388,8,NULL,NULL,3,NULL,NULL,images/PS2-1388.jpg,Sonic Riders Zero Gravity,NULL,NULL,NULL,NULL
NULL,PS2-1399,8,NULL,NULL,3,NULL,NULL,images/PS2-1399.jpg,Speed Kings,NULL,NULL,NULL,NULL
NULL,PS2-1415,8,NULL,NULL,3,NULL,NULL,images/PS2-1415.jpg,SRS,NULL,NULL,NULL,NULL
NULL,PS2-1432,8,NULL,NULL,3,NULL,NULL,images/PS2-1432.jpg,Star Wars Racer Revenge,NULL,NULL,NULL,NULL
NULL,PS2-1434,8,NULL,NULL,3,NULL,NULL,images/PS2-1434.jpg,Star Wars Super Bombad Racing,NULL,NULL,NULL,NULL
NULL,PS2-1448,8,NULL,NULL,3,NULL,NULL,images/PS2-1448.jpg,Stuntman,NULL,NULL,NULL,NULL
NULL,PS2-1449,8,NULL,NULL,3,NULL,NULL,images/PS2-1449.jpg,Stuntman Ignition,NULL,NULL,NULL,NULL
NULL,PS2-1457,8,NULL,NULL,3,NULL,NULL,images/PS2-1457.jpg,Super Bikes Riding Challenge,NULL,NULL,NULL,NULL
NULL,PS2-1465,8,NULL,NULL,3,NULL,NULL,images/PS2-1465.jpg,Super PickUps,NULL,NULL,NULL,NULL
NULL,PS2-1466,8,NULL,NULL,3,NULL,NULL,images/PS2-1466.jpg,Super Trucks Racing,NULL,NULL,NULL,NULL
NULL,PS2-1467,8,NULL,NULL,3,NULL,NULL,images/PS2-1467.jpg,Super Trucks Racing 2,NULL,NULL,NULL,NULL
NULL,PS2-1469,8,NULL,NULL,3,NULL,NULL,images/PS2-1469.jpg,Supercar,NULL,NULL,NULL,NULL
NULL,PS2-1472,8,NULL,NULL,3,NULL,NULL,images/PS2-1472.jpg,TT Super Bikes,NULL,NULL,NULL,NULL
NULL,PS2-1477,8,NULL,NULL,3,NULL,NULL,images/PS2-1477.jpg,Sk Super Start,NULL,NULL,NULL,NULL
NULL,PS2-1491,8,NULL,NULL,3,NULL,NULL,images/PS2-1491.jpg,Taxi Rider,NULL,NULL,NULL,NULL
NULL,PS2-1508,8,NULL,NULL,3,NULL,NULL,images/PS2-1508.jpg,Test Drive,NULL,NULL,NULL,NULL
NULL,PS2-1509,8,NULL,NULL,3,NULL,NULL,images/PS2-1509.jpg,Eve of Destruction,NULL,NULL,NULL,NULL
NULL,PS2-1510,8,NULL,NULL,3,NULL,NULL,images/PS2-1510.jpg,Test Drive Offroad Wide Open,NULL,NULL,NULL,NULL
NULL,PS2-1511,8,NULL,NULL,3,NULL,NULL,images/PS2-1511.jpg,Test Drive Unlimited,NULL,NULL,NULL,NULL
NULL,PS2-1522,8,NULL,NULL,3,NULL,NULL,images/PS2-1522.jpg,Fast and the Furious,NULL,NULL,NULL,NULL
NULL,PS2-1581,8,NULL,NULL,3,NULL,NULL,images/PS2-1581.jpg,Toca Race Driver  2,NULL,NULL,NULL,NULL
NULL,PS2-1582,8,NULL,NULL,3,NULL,NULL,images/PS2-1582.jpg,Toca Race Driver 3,NULL,NULL,NULL,NULL
NULL,PS2-1584,8,NULL,NULL,3,NULL,NULL,images/PS2-1584.jpg,Tokyo Xtreme Racer 3,NULL,NULL,NULL,NULL
NULL,PS2-1585,8,NULL,NULL,3,NULL,NULL,images/PS2-1585.jpg,Tokyo Xtreme Racer Drift,NULL,NULL,NULL,NULL
NULL,PS2-1586,8,NULL,NULL,3,NULL,NULL,images/PS2-1586.jpg,Tokyo Xtreme Racer Drift 2,NULL,NULL,NULL,NULL
NULL,PS2-1587,8,NULL,NULL,3,NULL,NULL,images/PS2-1587.jpg,Tokyo Xtreme Racer Zero,NULL,NULL,NULL,NULL
NULL,PS2-1605,8,NULL,NULL,3,NULL,NULL,images/PS2-1605.jpg,Total Immersion Racing,NULL,NULL,NULL,NULL
NULL,PS2-1608,8,NULL,NULL,3,NULL,NULL,images/PS2-1608.jpg,Tourist Trophy,NULL,NULL,NULL,NULL
NULL,PS2-1617,8,NULL,NULL,3,NULL,NULL,images/PS2-1617.jpg,Truck Racing 2,NULL,NULL,NULL,NULL
NULL,PS2-1622,8,NULL,NULL,3,NULL,NULL,images/PS2-1622.jpg,Twisted Metal Black,NULL,NULL,NULL,NULL
NULL,PS2-1623,8,NULL,NULL,3,NULL,NULL,images/PS2-1623.jpg,Twisted Metal  Head on,NULL,NULL,NULL,NULL
NULL,PS2-1641,8,NULL,NULL,3,NULL,NULL,images/PS2-1641.jpg,Urban Extreme,NULL,NULL,NULL,NULL
NULL,PS2-1658,8,NULL,NULL,3,NULL,NULL,images/PS2-1658.jpg,V Rally 3,NULL,NULL,NULL,NULL
NULL,PS2-1689,8,NULL,NULL,3,NULL,NULL,images/PS2-1689.jpg,Wipeout Fusion,NULL,NULL,NULL,NULL
NULL,PS2-1690,8,NULL,NULL,3,NULL,NULL,images/PS2-1690.jpg,Wipeout Fusion Pulse,NULL,NULL,NULL,NULL
NULL,PS2-1696,8,NULL,NULL,3,NULL,NULL,images/PS2-1696.jpg,WDL Thunder Tanks,NULL,NULL,NULL,NULL
NULL,PS2-1697,8,NULL,NULL,3,NULL,NULL,images/PS2-1697.jpg,World Racing,NULL,NULL,NULL,NULL
NULL,PS2-1698,8,NULL,NULL,3,NULL,NULL,images/PS2-1698.jpg,World Racing 2,NULL,NULL,NULL,NULL
NULL,PS2-1699,8,NULL,NULL,3,NULL,NULL,images/PS2-1699.jpg,WRC World Rally Championship ,NULL,NULL,NULL,NULL
NULL,PS2-1700,8,NULL,NULL,3,NULL,NULL,images/PS2-1700.jpg,WRC World Rally Championship Extreme,NULL,NULL,NULL,NULL
NULL,PS2-1701,8,NULL,NULL,3,NULL,NULL,images/PS2-1701.jpg,WRC World Rally Championship  3,NULL,NULL,NULL,NULL
NULL,PS2-1702,8,NULL,NULL,3,NULL,NULL,images/PS2-1702.jpg,WRC World Rally Championship 4 ,NULL,NULL,NULL,NULL
NULL,PS2-1707,8,NULL,NULL,3,NULL,NULL,images/PS2-1707.jpg,World Super Police,NULL,NULL,NULL,NULL
NULL,PS2-1713,8,NULL,NULL,3,NULL,NULL,images/PS2-1713.jpg,WRC World Rally Evolved,NULL,NULL,NULL,NULL
NULL,PS2-1714,8,NULL,NULL,3,NULL,NULL,images/PS2-1714.jpg,Wreckless,NULL,NULL,NULL,NULL
NULL,PS2-1715,8,NULL,NULL,3,NULL,NULL,images/PS2-1715.jpg,Crush Hour,NULL,NULL,NULL,NULL
NULL,PS2-1732,8,NULL,NULL,3,NULL,NULL,images/PS2-1732.jpg,Xgra,NULL,NULL,NULL,NULL
NULL,PS2-1776,8,NULL,NULL,3,NULL,NULL,images/PS2-1776.jpg,Kart Racer,NULL,NULL,NULL,NULL
NULL,PS2-1778,8,NULL,NULL,3,NULL,NULL,images/PS2-1778.jpg,Kaido Racer,NULL,NULL,NULL,NULL
NULL,PS2-1782,8,NULL,NULL,3,NULL,NULL,images/PS2-1782.jpg,Jacked,NULL,NULL,NULL,NULL
NULL,PS2-1784,8,NULL,NULL,3,NULL,NULL,images/PS2-1784.jpg,Bike  Street Vert Dirt,NULL,NULL,NULL,NULL
NULL,PS2-1785,8,NULL,NULL,3,NULL,NULL,images/PS2-1785.jpg,Sonic Riders,NULL,NULL,NULL,NULL
NULL,PS2-1786,8,NULL,NULL,3,NULL,NULL,images/PS2-1786.jpg,Golden Age Of Racing,NULL,NULL,NULL,NULL
NULL,PS2-1808,8,NULL,NULL,3,NULL,NULL,images/PS2-1808.jpg,Susuki Racing,NULL,NULL,NULL,NULL
NULL,PS2-1812,8,NULL,NULL,3,NULL,NULL,images/PS2-1812.jpg,Car Racing Challenge,NULL,NULL,NULL,NULL
NULL,PS2-1821,8,NULL,NULL,3,NULL,NULL,images/PS2-1821.jpg,Beach King,NULL,NULL,NULL,NULL
NULL,PS2-1825,8,NULL,NULL,3,NULL,NULL,images/PS2-1825.jpg,Artic Thunder,NULL,NULL,NULL,NULL
NULL,PS2-1826,8,NULL,NULL,3,NULL,NULL,images/PS2-1826.jpg,Antz Extreme Racing,NULL,NULL,NULL,NULL
NULL,PS2-1829,8,NULL,NULL,3,NULL,NULL,images/PS2-1829.jpg,Scar,NULL,NULL,NULL,NULL
NULL,PS2-1830,8,NULL,NULL,3,NULL,NULL,images/PS2-1830.jpg,4x4 Evo ,NULL,NULL,NULL,NULL
NULL,PS2-1833,8,NULL,NULL,3,NULL,NULL,images/PS2-1833.jpg,SplashDown,NULL,NULL,NULL,NULL
NULL,PS2-1838,8,NULL,NULL,3,NULL,NULL,images/PS2-1838.jpg,Smuggler's Run,NULL,NULL,NULL,NULL
NULL,PS2-1839,8,NULL,NULL,3,NULL,NULL,images/PS2-1839.jpg,Smuggler's Run 2,NULL,NULL,NULL,NULL
NULL,PS2-1840,8,NULL,NULL,3,NULL,NULL,images/PS2-1840.jpeg,Sled Storm,NULL,NULL,NULL,NULL
NULL,PS2-1849,8,NULL,NULL,3,NULL,NULL,images/PS2-1849.jpg,Big Racer 2,NULL,NULL,NULL,NULL
NULL,PS2-1853,8,NULL,NULL,3,NULL,NULL,images/PS2-1853.jpg,Rc Revenge Pro,NULL,NULL,NULL,NULL
NULL,PS2-1863,8,NULL,NULL,3,NULL,NULL,images/PS2-1863.jpg,Noble Racing,NULL,NULL,NULL,NULL
NULL,PS2-1864,8,NULL,NULL,3,NULL,NULL,images/PS2-1864.jpg,Need for Speed Most Wanted,NULL,NULL,NULL,NULL
NULL,PS2-1870,8,NULL,NULL,3,NULL,NULL,images/PS2-1870.jpg,Xtreme Quads,NULL,NULL,NULL,NULL
NULL,PS2-1871,8,NULL,NULL,3,NULL,NULL,images/PS2-1871.jpg,WRC World Rally Championship Extreme,NULL,NULL,NULL,NULL
NULL,PS2-1873,8,NULL,NULL,3,NULL,NULL,images/PS2-1873.jpg,Whiteout,NULL,NULL,NULL,NULL
NULL,PS2-1875,8,NULL,NULL,3,NULL,NULL,images/PS2-1875.jpg,Wave Rally,NULL,NULL,NULL,NULL
NULL,PS2-1880,8,NULL,NULL,3,NULL,NULL,images/PS2-1880.jpg,V8 Supercars Australia 2,NULL,NULL,NULL,NULL
NULL,PS2-1883,8,NULL,NULL,3,NULL,NULL,images/PS2-1883.jpg, TT Superbikes,NULL,NULL,NULL,NULL
NULL,PS2-1893,8,NULL,NULL,3,NULL,NULL,images/PS2-1893.jpg,Stunt GP,NULL,NULL,NULL,NULL
NULL,PS2-1896,8,NULL,NULL,3,NULL,NULL,images/PS2-1896.jpg,Stock Car Speedway,NULL,NULL,NULL,NULL
NULL,PS2-1897,8,NULL,NULL,3,NULL,NULL,images/PS2-1897.jpg,Stock Car Crash,NULL,NULL,NULL,NULL
NULL,PS2-1898,8,NULL,NULL,3,NULL,NULL,images/PS2-1898.jpg,Mx Rider,NULL,NULL,NULL,NULL
NULL,PS2-1904,8,NULL,NULL,3,NULL,NULL,images/PS2-1904.jpg,Midnight Club,NULL,NULL,NULL,NULL