NULL,PS3-0001,2,NULL,NULL,NULL,4,NULL,images/PS3-0001.jpg,Assassin's Cred 2,NULL,NULL,NULL,NULL
NULL,PS3-0002,2,NULL,NULL,NULL,4,NULL,images/PS3-0002.jpg,Assassin's Cred Brotherhood,NULL,NULL,NULL,NULL
NULL,PS3-0003,2,NULL,NULL,NULL,4,NULL,images/PS3-0003.jpg,Batman Arkham Asylum,NULL,NULL,NULL,NULL
NULL,PS3-0004,2,NULL,NULL,NULL,4,NULL,images/PS3-0004.jpg,Crysis 2,NULL,NULL,NULL,NULL
NULL,PS3-0005,2,NULL,NULL,NULL,4,NULL,images/PS3-0005.jpg,Demon's Souls,NULL,NULL,NULL,NULL
NULL,PS3-0006,2,NULL,NULL,NULL,4,NULL,images/PS3-0006.jpg,El Shaddai,NULL,NULL,NULL,NULL
NULL,PS3-0007,2,NULL,NULL,NULL,4,NULL,images/PS3-0007.jpg,Eyepet,NULL,NULL,NULL,NULL
NULL,PS3-0008,3,NULL,NULL,NULL,4,NULL,images/PS3-0008.gif,FIFA Soccer 11,NULL,NULL,NULL,NULL
NULL,PS3-0008,3,NULL,NULL,NULL,4,NULL,images/PS3-0008.jpg,FIFA 11,NULL,NULL,NULL,NULL
NULL,PS3-0009,3,NULL,NULL,NULL,4,NULL,images/PS3-0009.jpg,FIFA Street 3,NULL,NULL,NULL,NULL
NULL,PS3-0010,3,NULL,NULL,NULL,4,NULL,images/PS3-0010.jpg,Fight Night Champion,NULL,NULL,NULL,NULL
NULL,PS3-0011,8,NULL,NULL,NULL,4,NULL,images/PS3-0011.jpg,F1 Formula 1 2010,NULL,NULL,NULL,NULL
NULL,PS3-0012,2,NULL,NULL,NULL,4,NULL,images/PS3-0012.jpg,God Of War 2,NULL,NULL,NULL,NULL
NULL,PS3-0013,2,NULL,NULL,NULL,4,NULL,images/PS3-0013.jpg,God Of War Collection,NULL,NULL,NULL,NULL
NULL,PS3-0014,8,NULL,NULL,NULL,4,NULL,images/PS3-0014.jpg,Gran Turismo 5,NULL,NULL,NULL,NULL
NULL,PS3-0015,2,NULL,NULL,NULL,4,NULL,images/PS3-0015.jpg,Grand Theft Auto 4 Episodes From Liberty City,NULL,NULL,NULL,NULL
NULL,PS3-0016,2,NULL,NULL,NULL,4,NULL,images/PS3-0016.jpg,Heavenly Sword,NULL,NULL,NULL,NULL
NULL,PS3-0017,2,NULL,NULL,NULL,4,NULL,images/PS3-0017.jpg,Heavy Rain,NULL,NULL,NULL,NULL
NULL,PS3-0018,2,NULL,NULL,NULL,4,NULL,images/PS3-0018.jpg,Infamous,NULL,NULL,NULL,NULL
NULL,PS3-0019,2,NULL,NULL,NULL,4,NULL,images/PS3-0019.jpg,Infamous 2,NULL,NULL,NULL,NULL
NULL,PS3-0020,1,NULL,NULL,NULL,4,NULL,images/PS3-0020.jpg,Killzone 2,NULL,NULL,NULL,NULL
NULL,PS3-0021,1,NULL,NULL,NULL,4,NULL,images/PS3-0021.jpg,Killzone 3,NULL,NULL,NULL,NULL
NULL,PS3-0022,2,NULL,NULL,NULL,4,NULL,images/PS3-0022.jpg,L.A Noire,NULL,NULL,NULL,NULL
NULL,PS3-0023,2,NULL,NULL,NULL,4,NULL,images/PS3-0023.jpg,LittleBig Planet 2,NULL,NULL,NULL,NULL
NULL,PS3-0024,2,NULL,NULL,NULL,4,NULL,images/PS3-0024.jpg,LittleBig Planet,NULL,NULL,NULL,NULL
NULL,PS3-0025,4,NULL,NULL,NULL,4,NULL,images/PS3-0025.jpg,Ultimate Marvel vs Capcom 3,NULL,NULL,NULL,NULL
NULL,PS3-0026,2,NULL,NULL,NULL,4,NULL,images/PS3-0026.jpg,Metal Gear Solid 4,NULL,NULL,NULL,NULL
NULL,PS3-0027,4,NULL,NULL,NULL,4,NULL,images/PS3-0027.jpg,Mortal Kombat,NULL,NULL,NULL,NULL
NULL,PS3-0028,3,NULL,NULL,NULL,4,NULL,images/PS3-0028.jpg,NBA 2K11,NULL,NULL,NULL,NULL
NULL,PS3-0029,3,NULL,NULL,NULL,4,NULL,images/PS3-0029.jpg,PES 2011,NULL,NULL,NULL,NULL
NULL,PS3-0030,2,NULL,NULL,NULL,4,NULL,images/PS3-0030.jpg,Red Dead Redemtion,NULL,NULL,NULL,NULL
NULL,PS3-0031,1,NULL,NULL,NULL,4,NULL,images/PS3-0031.jpg,Resistance Fall Of Man,NULL,NULL,NULL,NULL
NULL,PS3-0032,2,NULL,NULL,NULL,4,NULL,images/PS3-0032.jpg,Resident Evil 5,NULL,NULL,NULL,NULL
NULL,PS3-0033,1,NULL,NULL,NULL,4,NULL,images/PS3-0033.jpg,Resistance 2,NULL,NULL,NULL,NULL
NULL,PS3-0034,4,NULL,NULL,NULL,4,NULL,images/PS3-0034.jpg,Soul Calibur 4,NULL,NULL,NULL,NULL
NULL,PS3-0035,4,NULL,NULL,NULL,4,NULL,images/PS3-0035.jpg,Super Street Fighter 4,NULL,NULL,NULL,NULL
NULL,PS3-0036,4,NULL,NULL,NULL,4,NULL,images/PS3-0036.jpg,Tekken 6,NULL,NULL,NULL,NULL
NULL,PS3-0037,3,NULL,NULL,NULL,4,NULL,images/PS3-0037.jpg,Topspin 4,NULL,NULL,NULL,NULL
NULL,PS3-0038,2,NULL,NULL,NULL,4,NULL,images/PS3-0038.jpg,Uncharted 2,NULL,NULL,NULL,NULL
NULL,PS3-0039,2,NULL,NULL,NULL,4,NULL,images/PS3-0039.jpg,Uncharted,NULL,NULL,NULL,NULL
NULL,PS3-0040,2,NULL,NULL,NULL,4,NULL,images/PS3-0040.jpg,Vanquish,NULL,NULL,NULL,NULL
NULL,PS3-0041,4,NULL,NULL,NULL,4,NULL,images/PS3-0041.jpg,Virtua Fighter 5,NULL,NULL,NULL,NULL
NULL,PS3-0042,4,NULL,NULL,NULL,4,NULL,images/PS3-0042.jpg,Virtua Tennes 4,NULL,NULL,NULL,NULL
NULL,PS3-0043,17,NULL,NULL,NULL,4,NULL,images/PS3-0043.jpg,Warhawk,NULL,NULL,NULL,NULL
NULL,PS3-0044,8,NULL,NULL,NULL,4,NULL,images/PS3-0044.jpg,Wipeout HD Fury,NULL,NULL,NULL,NULL
NULL,PS3-0045,8,NULL,NULL,NULL,4,NULL,images/PS3-0045.jpg,World Rally Championship,NULL,NULL,NULL,NULL
NULL,PS3-0046,4,NULL,NULL,NULL,4,NULL,images/PS3-0046.jpg,All Stars,NULL,NULL,NULL,NULL
NULL,PS3-0047,4,NULL,NULL,NULL,4,NULL,images/PS3-0047.jpg,Smackdown vs Raw 2011,NULL,NULL,NULL,NULL
NULL,PS3-0048,2,NULL,NULL,NULL,4,NULL,images/PS3-0048.jpg,50 Cent ,NULL,NULL,NULL,NULL
NULL,PS3-0049,2,NULL,NULL,NULL,4,NULL,images/PS3-0049.jpg,Aliens vs Predator,NULL,NULL,NULL,NULL
NULL,PS3-0050,9,NULL,NULL,NULL,4,NULL,images/PS3-0050.jpg,Alpha Protocol The Espionage RPG,NULL,NULL,NULL,NULL
NULL,PS3-0051,3,NULL,NULL,NULL,4,NULL,images/PS3-0051.jpg,Ashes Cricket 2009,NULL,NULL,NULL,NULL
NULL,PS3-0052,2,NULL,NULL,NULL,4,NULL,images/PS3-0052.jpg,Assassin's Creed,NULL,NULL,NULL,NULL
NULL,PS3-0053,2,NULL,NULL,NULL,4,NULL,images/PS3-0053.jpg,Atelier Rorona,NULL,NULL,NULL,NULL
NULL,PS3-0054,12,NULL,NULL,NULL,4,NULL,images/PS3-0054.jpg,Band Hero,NULL,NULL,NULL,NULL
NULL,PS3-0055,19,NULL,NULL,NULL,4,NULL,images/PS3-0055.jpg,Battle vs Chess,NULL,NULL,NULL,NULL
NULL,PS3-0056,2,NULL,NULL,NULL,4,NULL,images/PS3-0056.jpg,Blazblue,NULL,NULL,NULL,NULL
NULL,PS3-0057,2,NULL,NULL,NULL,4,NULL,images/PS3-0057.jpg,Blitz The league 2,NULL,NULL,NULL,NULL
NULL,PS3-0058,2,NULL,NULL,NULL,4,NULL,images/PS3-0058.jpg,Borderlands,NULL,NULL,NULL,NULL
NULL,PS3-0059,2,NULL,NULL,NULL,4,NULL,images/PS3-0059.jpg,Brain Challenge,NULL,NULL,NULL,NULL
NULL,PS3-0060,3,NULL,NULL,NULL,4,NULL,images/PS3-0060.jpg,Drunswick Pro Bowling,NULL,NULL,NULL,NULL
NULL,PS3-0061,3,NULL,NULL,NULL,4,NULL,images/PS3-0061.jpg,Cabela's Dangerous Adventures,NULL,NULL,NULL,NULL
NULL,PS3-0062,3,NULL,NULL,NULL,4,NULL,images/PS3-0062.jpg,Cabela's North American Adventures,NULL,NULL,NULL,NULL
NULL,PS3-0063,1,NULL,NULL,NULL,4,NULL,images/PS3-0063.jpg,Call of Duty 3,NULL,NULL,NULL,NULL
NULL,PS3-0064,1,NULL,NULL,NULL,4,NULL,images/PS3-0064.jpg,Call of Duty Back Ops,NULL,NULL,NULL,NULL
NULL,PS3-0065,1,NULL,NULL,NULL,4,NULL,images/PS3-0065.jpg,Call of Duty World at War,NULL,NULL,NULL,NULL
NULL,PS3-0066,3,NULL,NULL,NULL,4,NULL,images/PS3-0066.jpg,College Hoops 2K8,NULL,NULL,NULL,NULL
NULL,PS3-0067,2,NULL,NULL,NULL,4,NULL,images/PS3-0067.jpg,Cross Edge X,NULL,NULL,NULL,NULL
NULL,PS3-0068,12,NULL,NULL,NULL,4,NULL,images/PS3-0068.jpg,Dance on Brodway,NULL,NULL,NULL,NULL
NULL,PS3-0069,2,NULL,NULL,NULL,4,NULL,images/PS3-0069.jpg,Dark Siders,NULL,NULL,NULL,NULL
NULL,PS3-0070,16,NULL,NULL,NULL,4,NULL,images/PS3-0070.jpg,Dead Space,NULL,NULL,NULL,NULL
NULL,PS3-0071,16,NULL,NULL,NULL,4,NULL,images/PS3-0071.jpg,Dead Space 2,NULL,NULL,NULL,NULL
NULL,PS3-0072,12,NULL,NULL,NULL,4,NULL,images/PS3-0072.jpg,Def Jam Rapstar,NULL,NULL,NULL,NULL
NULL,PS3-0073,12,NULL,NULL,NULL,4,NULL,images/PS3-0073.jpg,Def Jam ICON,NULL,NULL,NULL,NULL
NULL,PS3-0074,2,NULL,NULL,NULL,4,NULL,images/PS3-0074.jpg,Disgaea 3,NULL,NULL,NULL,NULL
NULL,PS3-0075,13,NULL,NULL,NULL,4,NULL,images/PS3-0075.jpg,Singit Family Hits,NULL,NULL,NULL,NULL
NULL,PS3-0076,12,NULL,NULL,NULL,4,NULL,images/PS3-0076.jpg,Singit High School Musical 3,NULL,NULL,NULL,NULL
NULL,PS3-0077,12,NULL,NULL,NULL,4,NULL,images/PS3-0077.jpg,Singit Party Hits,NULL,NULL,NULL,NULL
NULL,PS3-0078,2,NULL,NULL,NULL,4,NULL,images/PS3-0078.jpg,Dragon Age 2,NULL,NULL,NULL,NULL
NULL,PS3-0079,2,NULL,NULL,NULL,4,NULL,images/PS3-0079.jpg,Duke Nuken Forever,NULL,NULL,NULL,NULL
NULL,PS3-0080,4,NULL,NULL,NULL,4,NULL,images/PS3-0080.jpg,Dynasty Warriors 6,NULL,NULL,NULL,NULL
NULL,PS3-0081,4,NULL,NULL,NULL,4,NULL,images/PS3-0081.jpg,Dynasty Warriors 7,NULL,NULL,NULL,NULL
NULL,PS3-0082,4,NULL,NULL,NULL,4,NULL,images/PS3-0082.jpg,Dynasty Warriors Gundam,NULL,NULL,NULL,NULL
NULL,PS3-0083,4,NULL,NULL,NULL,4,NULL,images/PS3-0083.jpg,Dynasty Warriors Strikeforce,NULL,NULL,NULL,NULL
NULL,PS3-0084,13,NULL,NULL,NULL,4,NULL,images/PS3-0084.jpg,Chino,NULL,NULL,NULL,NULL
NULL,PS3-0085,2,NULL,NULL,NULL,4,NULL,images/PS3-0085.jpg,The Godfather,NULL,NULL,NULL,NULL
NULL,PS3-0086,16,NULL,NULL,NULL,4,NULL,images/PS3-0086.jpg,Fear First Encounter Assault Recon,NULL,NULL,NULL,NULL
NULL,PS3-0087,16,NULL,NULL,NULL,4,NULL,images/PS3-0087.jpg,Fear 2 Project Origin,NULL,NULL,NULL,NULL
NULL,PS3-0088,9,NULL,NULL,NULL,4,NULL,images/PS3-0088.jpg,Fallout 3,NULL,NULL,NULL,NULL
NULL,PS3-0089,9,NULL,NULL,NULL,4,NULL,images/PS3-0089.jpg,Fallout New Vegas,NULL,NULL,NULL,NULL
NULL,PS3-0090,2,NULL,NULL,NULL,4,NULL,images/PS3-0090.jpg,Farcry 2,NULL,NULL,NULL,NULL
NULL,PS3-0091,2,NULL,NULL,NULL,4,NULL,images/PS3-0091.jpg,Folklore,NULL,NULL,NULL,NULL
NULL,PS3-0092,2,NULL,NULL,NULL,4,NULL,images/PS3-0092.jpg,Front Mission Evolved,NULL,NULL,NULL,NULL
NULL,PS3-0093,12,NULL,NULL,NULL,4,NULL,images/PS3-0093.jpg,Guitar Hero Aero Smith,NULL,NULL,NULL,NULL
NULL,PS3-0094,12,NULL,NULL,NULL,4,NULL,images/PS3-0094.jpg,Guitar hero smash Hits,NULL,NULL,NULL,NULL
NULL,PS3-0095,12,NULL,NULL,NULL,4,NULL,images/PS3-0095.jpg,Guitar Hero Van Halen,NULL,NULL,NULL,NULL
NULL,PS3-0096,2,NULL,NULL,NULL,4,NULL,images/PS3-0096.jpg,Hyper Dimension Neptunia,NULL,NULL,NULL,NULL
NULL,PS3-0097,3,NULL,NULL,NULL,4,NULL,images/PS3-0097.jpg,International Criket 2010,NULL,NULL,NULL,NULL
NULL,PS3-0098,2,NULL,NULL,NULL,4,NULL,images/PS3-0098.jpg,Blood sone 007,NULL,NULL,NULL,NULL
NULL,PS3-0099,2,NULL,NULL,NULL,4,NULL,images/PS3-0099.jpg,007 Quantum of solage,NULL,NULL,NULL,NULL
NULL,PS3-0100,3,NULL,NULL,NULL,4,NULL,images/PS3-0100.jpg,John Daly's Prostroke Golf,NULL,NULL,NULL,NULL
NULL,PS3-0101,11,NULL,NULL,NULL,4,NULL,images/PS3-0101.jpg,Kane and Linch 2,NULL,NULL,NULL,NULL
NULL,PS3-0102,11,NULL,NULL,NULL,4,NULL,images/PS3-0102.jpg,Kung Fu Panda,NULL,NULL,NULL,NULL
NULL,PS3-0103,2,NULL,NULL,NULL,4,NULL,images/PS3-0103.jpg,Kung Fu Rider,NULL,NULL,NULL,NULL
NULL,PS3-0104,12,NULL,NULL,NULL,4,NULL,images/PS3-0104.jpg,Rock Band Lego,NULL,NULL,NULL,NULL
NULL,PS3-0105,11,NULL,NULL,NULL,4,NULL,images/PS3-0105.jpg,Larry,NULL,NULL,NULL,NULL
NULL,PS3-0106,2,NULL,NULL,NULL,4,NULL,images/PS3-0106.jpg,Ghostbusters,NULL,NULL,NULL,NULL
NULL,PS3-0107,2,NULL,NULL,NULL,4,NULL,images/PS3-0107.jpg,Perdidos,NULL,NULL,NULL,NULL
NULL,PS3-0108,3,NULL,NULL,NULL,4,NULL,images/PS3-0108.jpg,Madden NFL 11,NULL,NULL,NULL,NULL
NULL,PS3-0109,2,NULL,NULL,NULL,4,NULL,images/PS3-0109.jpg,Mafia 2,NULL,NULL,NULL,NULL
NULL,PS3-0110,3,NULL,NULL,NULL,4,NULL,images/PS3-0110.jpg,Baseball 2K11,NULL,NULL,NULL,NULL
NULL,PS3-0111,2,NULL,NULL,NULL,4,NULL,images/PS3-0111.jpg,Man vs Wild,NULL,NULL,NULL,NULL
NULL,PS3-0112,2,NULL,NULL,NULL,4,NULL,images/PS3-0112.jpg,Ultimate Alliance,NULL,NULL,NULL,NULL
NULL,PS3-0113,8,NULL,NULL,NULL,4,NULL,images/PS3-0113.jpg,Mayhem,NULL,NULL,NULL,NULL
NULL,PS3-0114,1,NULL,NULL,NULL,4,NULL,images/PS3-0114.jpg,Medal of Honor,NULL,NULL,NULL,NULL
NULL,PS3-0115,2,NULL,NULL,NULL,4,NULL,images/PS3-0115.jpg,Mirror's Edge,NULL,NULL,NULL,NULL
NULL,PS3-0116,3,NULL,NULL,NULL,4,NULL,images/PS3-0116.jpg,MLB 11 The Show,NULL,NULL,NULL,NULL
NULL,PS3-0117,2,NULL,NULL,NULL,4,NULL,images/PS3-0117.jpg,Mobile Suit Gundam Target in Sight,NULL,NULL,NULL,NULL
NULL,PS3-0118,8,NULL,NULL,NULL,4,NULL,images/PS3-0118.jpg,ModNation Racers,NULL,NULL,NULL,NULL
NULL,PS3-0119,8,NULL,NULL,NULL,4,NULL,images/PS3-0119.jpg,MotoGP 09/10,NULL,NULL,NULL,NULL
NULL,PS3-0120,8,NULL,NULL,NULL,4,NULL,images/PS3-0120.jpg,MotoGP 10/11,NULL,NULL,NULL,NULL
NULL,PS3-0121,17,NULL,NULL,NULL,4,NULL,images/PS3-0121.jpg,My Sims Sky Heroes,NULL,NULL,NULL,NULL
NULL,PS3-0122,8,NULL,NULL,NULL,4,NULL,images/PS3-0122.jpg,Nail'd,NULL,NULL,NULL,NULL
NULL,PS3-0123,3,NULL,NULL,NULL,4,NULL,images/PS3-0123.jpg,NCAA Football 11,NULL,NULL,NULL,NULL
NULL,PS3-0124,8,NULL,NULL,NULL,4,NULL,images/PS3-0124.jpg,Need for Speed Carbon,NULL,NULL,NULL,NULL
NULL,PS3-0125,8,NULL,NULL,NULL,4,NULL,images/PS3-0125.jpg,Need for Speed Shift,NULL,NULL,NULL,NULL
NULL,PS3-0126,8,NULL,NULL,NULL,4,NULL,images/PS3-0126.jpg,Need for Speed Hot Pursuit,NULL,NULL,NULL,NULL
NULL,PS3-0127,2,NULL,NULL,NULL,4,NULL,images/PS3-0127.jpg,Nier,NULL,NULL,NULL,NULL
NULL,PS3-0128,1,NULL,NULL,NULL,4,NULL,images/PS3-0128.jpg,Operation Flashpoint Red River,NULL,NULL,NULL,NULL
NULL,PS3-0129,19,NULL,NULL,NULL,4,NULL,images/PS3-0129.jpg,Pinball Hall of Fame,NULL,NULL,NULL,NULL
NULL,PS3-0130,2,NULL,NULL,NULL,4,NULL,images/PS3-0130.jpg,Pirates of the Caribbean At World's End,NULL,NULL,NULL,NULL
NULL,PS3-0131,11,NULL,NULL,NULL,4,NULL,images/PS3-0131.jpg,Planet 51,NULL,NULL,NULL,NULL
NULL,PS3-0132,11,NULL,NULL,NULL,4,NULL,images/PS3-0132.jpg,Playstation Move Heroes,NULL,NULL,NULL,NULL
NULL,PS3-0133,12,NULL,NULL,NULL,4,NULL,images/PS3-0133.jpg,Power Gig,NULL,NULL,NULL,NULL
NULL,PS3-0134,2,NULL,NULL,NULL,4,NULL,images/PS3-0134.jpg,Prince of Persia Las Arenas Olvidadas,NULL,NULL,NULL,NULL
NULL,PS3-0135,2,NULL,NULL,NULL,4,NULL,images/PS3-0135.jpg,Prision Break,NULL,NULL,NULL,NULL
NULL,PS3-0136,2,NULL,NULL,NULL,4,NULL,images/PS3-0136.jpg,Prototype,NULL,NULL,NULL,NULL
NULL,PS3-0137,12,NULL,NULL,NULL,4,NULL,images/PS3-0137.jpg,Rango,NULL,NULL,NULL,NULL
NULL,PS3-0138,8,NULL,NULL,NULL,4,NULL,images/PS3-0138.jpg,Mx vs AVT,NULL,NULL,NULL,NULL
NULL,PS3-0139,3,NULL,NULL,NULL,4,NULL,images/PS3-0139.jpg,Street Homecourt,NULL,NULL,NULL,NULL
NULL,PS3-0140,2,NULL,NULL,NULL,4,NULL,images/PS3-0140.jpg,Star Wars 3 Lego,NULL,NULL,NULL,NULL
NULL,PS3-0141,3,NULL,NULL,NULL,4,NULL,images/PS3-0141.jpg,Racket Sports,NULL,NULL,NULL,NULL
NULL,PS3-0142,2,NULL,NULL,NULL,4,NULL,images/PS3-0142.jpg,Agarest War Zero,NULL,NULL,NULL,NULL
NULL,PS3-0143,11,NULL,NULL,NULL,4,NULL,images/PS3-0143.jpg,Rio,NULL,NULL,NULL,NULL
NULL,PS3-0144,12,NULL,NULL,NULL,4,NULL,images/PS3-0144.jpg,Rock Band 3,NULL,NULL,NULL,NULL
NULL,PS3-0145,12,NULL,NULL,NULL,4,NULL,images/PS3-0145.jpg,Rock of the Dead,NULL,NULL,NULL,NULL
NULL,PS3-0146,12,NULL,NULL,NULL,4,NULL,images/PS3-0146.jpg,Rock Revolution,NULL,NULL,NULL,NULL
NULL,PS3-0147,3,NULL,NULL,NULL,4,NULL,images/PS3-0147.jpg,Skate 3,NULL,NULL,NULL,NULL
NULL,PS3-0148,11,NULL,NULL,NULL,4,NULL,images/PS3-0148.jpg,Start the Party!,NULL,NULL,NULL,NULL
NULL,PS3-0149,3,NULL,NULL,NULL,4,NULL,images/PS3-0149.jpg,S3K X,NULL,NULL,NULL,NULL
NULL,PS3-0150,3,NULL,NULL,NULL,4,NULL,images/PS3-0150.jpg,S3K 2011,NULL,NULL,NULL,NULL
NULL,PS3-0151,11,NULL,NULL,NULL,4,NULL,images/PS3-0151.jpg,Scene it?,NULL,NULL,NULL,NULL
NULL,PS3-0152,2,NULL,NULL,NULL,4,NULL,images/PS3-0152.jpg,Basara Samurai Heroes,NULL,NULL,NULL,NULL
NULL,PS3-0153,8,NULL,NULL,NULL,4,NULL,images/PS3-0153.jpg,Need for Speed Shift 2,NULL,NULL,NULL,NULL
NULL,PS3-0154,2,NULL,NULL,NULL,4,NULL,images/PS3-0154.jpg,Singularity,NULL,NULL,NULL,NULL
NULL,PS3-0155,8,NULL,NULL,NULL,4,NULL,images/PS3-0155.jpg,SplitSecond,NULL,NULL,NULL,NULL
NULL,PS3-0156,3,NULL,NULL,NULL,4,NULL,images/PS3-0156.jpg,Skate,NULL,NULL,NULL,NULL
NULL,PS3-0157,3,NULL,NULL,NULL,4,NULL,images/PS3-0157.jpg,Skate 2,NULL,NULL,NULL,NULL
NULL,PS3-0158,3,NULL,NULL,NULL,4,NULL,images/PS3-0158.jpg,Ski doo Showmobile Challenge,NULL,NULL,NULL,NULL
NULL,PS3-0159,2,NULL,NULL,NULL,4,NULL,images/PS3-0159.jpg,Spiderman Shattered Dimensions,NULL,NULL,NULL,NULL
NULL,PS3-0160,3,NULL,NULL,NULL,4,NULL,images/PS3-0160.jpg,Sports Champions,NULL,NULL,NULL,NULL
NULL,PS3-0161,2,NULL,NULL,NULL,4,NULL,images/PS3-0161.jpg,Star Wars The Force Unleashed,NULL,NULL,NULL,NULL
NULL,PS3-0162,8,NULL,NULL,NULL,4,NULL,images/PS3-0162.jpg,TDU Test Drive 2,NULL,NULL,NULL,NULL
NULL,PS3-0163,2,NULL,NULL,NULL,4,NULL,images/PS3-0163.jpg,The Elder Scrolls 4 Oblivion,NULL,NULL,NULL,NULL
NULL,PS3-0164,2,NULL,NULL,NULL,4,NULL,images/PS3-0164.jpg,The Eye of Judgment,NULL,NULL,NULL,NULL
NULL,PS3-0165,3,NULL,NULL,NULL,4,NULL,images/PS3-0165.jpg,The Shoot,NULL,NULL,NULL,NULL
NULL,PS3-0166,3,NULL,NULL,NULL,4,NULL,images/PS3-0166.jpg,The Fight,NULL,NULL,NULL,NULL
NULL,PS3-0167,3,NULL,NULL,NULL,4,NULL,images/PS3-0167.jpg,Masters Tiger Woods PGA Tour 12,NULL,NULL,NULL,NULL
NULL,PS3-0168,4,NULL,NULL,NULL,4,NULL,images/PS3-0168.jpg,TNA Impact!,NULL,NULL,NULL,NULL
NULL,PS3-0169,2,NULL,NULL,NULL,4,NULL,images/PS3-0169.jpg,Rainbow Six Vegas,NULL,NULL,NULL,NULL
NULL,PS3-0170,2,NULL,NULL,NULL,4,NULL,images/PS3-0170.jpg,End War,NULL,NULL,NULL,NULL
NULL,PS3-0171,2,NULL,NULL,NULL,4,NULL,images/PS3-0171.jpg,Ghost Recon 2,NULL,NULL,NULL,NULL
NULL,PS3-0172,2,NULL,NULL,NULL,4,NULL,images/PS3-0172.jpg,Rainbow Six Vegas 2,NULL,NULL,NULL,NULL
NULL,PS3-0173,2,NULL,NULL,NULL,4,NULL,images/PS3-0173.jpg,tomb Raider Under World,NULL,NULL,NULL,NULL
NULL,PS3-0174,11,NULL,NULL,NULL,4,NULL,images/PS3-0174.jpg,Tornado,NULL,NULL,NULL,NULL
NULL,PS3-0175,2,NULL,NULL,NULL,4,NULL,images/PS3-0175.jpg,TransFormers War for Cibertron,NULL,NULL,NULL,NULL
NULL,PS3-0176,2,NULL,NULL,NULL,4,NULL,images/PS3-0176.jpg,Trinity Universe,NULL,NULL,NULL,NULL
NULL,PS3-0177,2,NULL,NULL,NULL,4,NULL,images/PS3-0177.jpg,Trinity Souls of Zill O'll,NULL,NULL,NULL,NULL
NULL,PS3-0178,2,NULL,NULL,NULL,4,NULL,images/PS3-0178.jpg,Tron,NULL,NULL,NULL,NULL
NULL,PS3-0179,11,NULL,NULL,NULL,4,NULL,images/PS3-0179.jpg,Truth or Lies,NULL,NULL,NULL,NULL
NULL,PS3-0180,11,NULL,NULL,NULL,4,NULL,images/PS3-0180.jpg,TV Superstars,NULL,NULL,NULL,NULL
NULL,PS3-0181,2,NULL,NULL,NULL,4,NULL,images/PS3-0181.jpg,Dark Kingdom,NULL,NULL,NULL,NULL
NULL,PS3-0182,2,NULL,NULL,NULL,4,NULL,images/PS3-0182.jpg,Valkyria Chronicles,NULL,NULL,NULL,NULL
NULL,PS3-0184,2,NULL,NULL,NULL,4,NULL,images/PS3-0184.jpg,Way of the Samurai 4,NULL,NULL,NULL,NULL
NULL,PS3-0185,2,NULL,NULL,NULL,4,NULL,images/PS3-0185.jpg,We Dare,NULL,NULL,NULL,NULL
NULL,PS3-0187,2,NULL,NULL,NULL,4,NULL,images/PS3-0187.jpg,Xmen Origins Wolverine,NULL,NULL,NULL,NULL
NULL,PS3-0188,2,NULL,NULL,NULL,4,NULL,images/PS3-0188.jpg,Blades X,NULL,NULL,NULL,NULL
NULL,PS3-0189,11,NULL,NULL,NULL,4,NULL,images/PS3-0189.jpg,Yoostar 2,NULL,NULL,NULL,NULL
NULL,PS3-0190,19,NULL,NULL,NULL,4,NULL,images/PS3-0190.jpg,You Don't Know Jack,NULL,NULL,NULL,NULL
NULL,PS3-0191,18,NULL,NULL,NULL,4,NULL,images/PS3-0191.jpg,Classics HD Ico and Shadow of the Colossus,NULL,NULL,NULL,NULL